"plotcode","fire_return_mean"
"ABG-001",NaN
"ABG-002",589
"ABG-003",625.5
"ABG-004",1293.25
"ACM-001",NaN
"ACM-002",NaN
"ACM-003",NaN
"ACM-004",746.5
"ACM-005",1489
"ACM-006",1489
"ACM-007",370
"ACM-008",1473
"ACM-009",NaN
"ACM-010",548
"ACM-011",981
"ACM-012",910.666666666667
"ACM-013",1366
"ACM-014",780
"ACM-015",914.75
"ACM-016",1219.66666666667
"ACM-017",850.333333333333
"ACM-018",735.625
"ACM-020",NaN
"ACM-021",NaN
"ACM-022",671.5
"ACM-023",363.666666666667
"ACM-024",1473
"ACM-025",588.4
"ACM-026",363.666666666667
"ACM-027",363.666666666667
"ACM-028",588.4
"ACM-029",588.4
"ACM-030",981
"ACM-031",737.666666666667
"ACM-032",737.666666666667
"ACM-033",526.714285714286
"ACM-034",2943
"ACM-035",737.666666666667
"ACM-036",445.444444444444
"ACM-037",500.875
"ACM-038",500.875
"ACM-039",500.875
"ACM-040",483.666666666667
"ACM-042",790.666666666667
"ACM-043",790.666666666667
"ACM-044",528.444444444444
"ACM-045",790.666666666667
"ACM-046",790.666666666667
"ACM-047",1660.5
"ACM-048",790.666666666667
"ACM-049",528.444444444444
"ACM-050",1660.5
"ACM-051",1660.5
"ACM-052",744.5
"ACM-053",1471
"ACM-054",3700
"ACM-055",3700
"ACM-056",743
"ACM-057",743
"ACM-058",743
"ACM-059",NaN
"ACM-060",NaN
"ACM-061",NaN
"CBN-1",1084
"CBN-2",676
"CBN-3",1094.2
"CBN-4",883.714285714286
"CBN-5",562.090909090909
"CBN-6",481.333333333333
"DKS001",1827
"DKS002",361.5
"DKS003",914.5
"MAR-001",563.818181818182
"MAR-002",563.818181818182
"MAR-003",364.529411764706
"MAR-004",364.529411764706
"MAR-005",392.461538461538
"MAR-006",488.333333333333
"MAR-007",443.555555555556
"MAR-008",435.727272727273
"MAR-009",583.3
"MAR-010",583.3
"MAR-011",530.818181818182
"MAR-012",486.5
"MAR-013",519.083333333333
"MAR-014",692.666666666667
"MAR-015",567.333333333333
"MAR-016",519.333333333333
"MAR-018",479.153846153846
"MAR-019",479.153846153846
"MAR-020",779
"MAR-021",779
"MAR-022",389.375
"MAR-023",479.153846153846
"MAR-024",977.5
"MAR-025",886.285714285714
"MAR-026",389.3125
"MAR-027",390.2
"MAR-028",390.2
"MAR-030",418.071428571429
"MAR-031",418.071428571429
"MAR-032",1186.75
"MAR-033",1186.75
"MAR-034",573.777777777778
"MAR-035",573.777777777778
"MAR-036",1185.5
"MAR-037",1291.75
"MAR-038",1291.75
"MAR-039",NaN
"MAR-040",2549
"MAR-041",4746
"MAR-042",1718
"MAR-043",563
"MAR-044",652
"MAR-045",652
"MAR-046",1085
"MAR-047",725
"MAR-048",1848
"MAR-049",1848
"MAR-050",1618
"MAR-051",1225.33333333333
"MAR-052",1644
"MAR-053",1463.33333333333
"MAR-054",2580
"MAR-056",367.071428571429
"MAR-057",367.071428571429
"MAR-058",1006.5
"MAR-059",866
"MAR-060",582.5
"MAR-061",790
"MAR-062",731
"MAR-063",497.727272727273
"MAR-064",497.727272727273
"MAR-065",734.5
"MAR-066",734.5
"MAR-067",486.666666666667
"MAR-068",486.666666666667
"MAR-069",777.142857142857
"MAR-070",777.142857142857
"MAR-071",564.5
"MAR-072",4717
"MAR-073",366.133333333333
"MAR-074",366.133333333333
"MAR-075",801
"MAR-076",391.428571428571
"MAR-077",364.875
"MAR-078",1279.75
"MAR-079",1279.25
"MAR-080",889.142857142857
"MAR-081",365.066666666667
"MAR-084",580.8
"MAR-085",580.8
"MAR-087",365.117647058824
"MAR-088",365.266666666667
"MAR-089",365.117647058824
"MAR-090",682.571428571429
"MAR-091",682.571428571429
"MAR-092",416.066666666667
"MAR-093",426.416666666667
"MAR-094",517.416666666667
"MAR-097",732.75
"MAR-098",727.6
"MAR-099",522.428571428571
"MAR-100",728.285714285714
"MAR-102",548.5
"MAR-103",1023.4
"MAR-104",2196
"MAR-105",1705.66666666667
"MAR-106",585
"MAR-107",585
"MAR-109",2196
"MAR-111",NaN
"MAR-112",1096
"MAR-113",1096
"MAR-114",1092
"MAR-117",1018.8
"MAR-118",910.333333333333
"MAR-119",650.333333333333
"MAR-120",650.333333333333
"MAR-121",485.416666666667
"MAR-122",NaN
"MAR-125",NaN
"MAR-127",NaN
"MAR-128",NaN
"MAR-129",998.5
"MAR-130",1277.5
"MAR-131",1083
"MAR-132",1083
"MAR-133",1341
"MAR-134",713
"MAR-135",713
"MAR-136",713
"MAR-137",948.6
"MAR-138",NaN
"MAR-139",639.75
"MAR-140",NaN
"MAR-141",553
"MAR-142",490.333333333333
"MAR-143",553
"MAR-144",638.75
"MAR-145",490.333333333333
"MAR-146",1276.5
"MAR-147",1025.6
"MAR-148",913.5
"MAR-149",1089
"MAR-150",4367
"MAR-151",549.25
"MAR-152",NaN
"MAR-153",NaN
"MAR-154",NaN
"MAR-156",1095
"MAR-160",347
"MAR-162",1469
"MAR-164",1292
"MAR-165",1276
"MAR-166",2583
"MAR-167",3125.5
"MAR-168",NaN
"MAR-169",725
"MAR-170",727
"MAR-171",1216.66666666667
"MAR-173",1827
"MAR-175",658
"MAR-176",346
"MAR-177",1098
"MAR-178",5488
"MAR-179",1478
"MAR-182",611.333333333333
"MAR-183",NaN
"MAR-184",1644.5
"MAR-186",1169.4
"MAR-187",1460.75
"MAR-188",2956
"MAR-189",1372
"MAR-190",613.333333333333
"MAR-191",NaN
"MAR-192",NaN
"MAR-194",912
"MAR-195",613.333333333333
"MAR-197",721
"MAR-199",NaN
"MAR-201",4039
"MAR-204",NaN
"MAR-205",4777
"MAR-206",3314
"MAR-207",2387.5
"MAR-208",NaN
"MAR-209",1103
"MAR-210",917
"MAR-211",NaN
"MAR-212",920
"MAR-215",NaN
"MAR-216",5880
"MAR-217",2163
"MAR-218",2163
"MAR-221",NaN
"MAR-223",1718
"MAR-224",1718
"MAR-225",NaN
"MAR-226",4397
"MAR-227",1191.75
"MAR-228",4397
"MAR-229",2559
"MAR-230",1493
"MAR-231",1292
"MAR-232",722
"MAR-233",918.5
"MAR-234",1292
"MAR-235",961.333333333333
"MAR-237",463.090909090909
"MAR-238",961.666666666667
"MAR-239",463.090909090909
"MAR-240",497.727272727273
"MAR-241",676.285714285714
"MAR-242",546.9
"MAR-256",NaN
"MAR-260",NaN
"MAR-262",NaN
"MAR-267",NaN
"MAR-268",NaN
"MAR-270",NaN
"MAR-280",NaN
"MAR-285",NaN
"MAR-292",NaN
"MAR-293",NaN
"MAR-296",NaN
"MAR-297",737
"MAR-299",NaN
"MAR-305",NaN
"MAR-306",NaN
"MAR-309",NaN
"MAR-310",NaN
"MAR-311",349
"MAR-312",349
"MAR-315",NaN
"MAR-329",2135.5
"MAR-330",1989.5
"MAR-331",1073
"MAR-332",NaN
"MAR-333",1122
"MAR-334",911
"MAR-335",1065
"MAR-336",568.5
"MAR-337",1738
"MAR-338",1066
"MAR-342",NaN
"MAR-345",4198
"MAR-346",NaN
"MAR-348",NaN
"MAR-352",NaN
"MAR-356",NaN
"MAR-359",1092
"MAR-362",3365
"MAR-364",2202
"MAR-371",NaN
"MAR-373",NaN
"MAR-374",NaN
"MAR-396",NaN
"MAR-398",NaN
"MAR-400",NaN
"MCF-2103",NaN
"MCF-2108",NaN
"MCF-2109",NaN
"MCF-2118",NaN
"MCF-2124",NaN
"MCF-2131",NaN
"MCF-2132",4063
"MCF-2142",NaN
"MCF-2143",NaN
"MCF-2148",NaN
"MCF-2152",NaN
"MCF-2153",NaN
"MCF-2157",NaN
"MCF-2162",NaN
"MCF-2201",NaN
"MCF-2202",3975
"MCF-2203",NaN
"MCF-2204",NaN
"MCF-2206",444.5
"MCF-2207",6190
"MCF-2208",NaN
"MCF-2210",NaN
"MCF-2211",4695
"MCF-2212",NaN
"MCF-2406",NaN
"MCF-2409",NaN
"MCF-2412",NaN
"MCF-2504",NaN
"MCF-2505",914.5
"MCF-2506",NaN
"MCL-001",NaN
"MCL-002",NaN
"MCL-003",NaN
"MCL-004",NaN
"MCL-005",NaN
"MCL-006",NaN
"MCL-007",NaN
"MCL-008",NaN
"MCL-009",NaN
"MCL-010",NaN
"MCL-011",NaN
"MCL-012",NaN
"MCL-013",NaN
"MCL-014",NaN
"MCL-015",NaN
"MCL-016",NaN
"MCL-017",NaN
"MCL-018",NaN
"MCL-019",NaN
"MCL-020",NaN
"MCL-021",NaN
"MCL-022",NaN
"MCL-023",NaN
"MCL-024",NaN
"MCL-025",NaN
"MCL-026",NaN
"MCL-027",NaN
"MCL-028",NaN
"MCL-029",NaN
"MCL-030",NaN
"MCL-031",NaN
"MCL-032",NaN
"MCL-033",NaN
"MCL-034",NaN
"MCL-035",NaN
"MCL-036",NaN
"MCL-037",NaN
"MCL-038",NaN
"MGR-001",477.692307692308
"MGR-002",564.454545454545
"MGR-003",611.5
"MGR-004",605.666666666667
"MGR-005",846.666666666667
"MGR-006",682.5
"MGR-007",1090.2
"MGR-008",1094.2
"MGR-009",607.666666666667
"MGR-010",388.125
"MGR-011",456.666666666667
"MGR-012",548.5
"MGR-013",445.461538461538
"MGR-014",680
"MGR-015",496.090909090909
"MLC-001",630.714285714286
"MLC-002",620.7
"MLC-003",684.125
"MLC-004",390.933333333333
"MLC-005",731.285714285714
"MLC-006",388.8125
"MLC-007",633.25
"MLC-008",1556.75
"MLC-009",547.9
"MLC-010",634.25
"MLC-011",981.166666666667
"MLC-012",413.6
"MLC-013",1556.75
"MLC-014",684.125
"MLC-015",620.8
"MLC-016",857.666666666667
"MLC-017",566.181818181818
"MLC-018",684.625
"MLC-019",375.5
"MLC-020",653.555555555556
"MLC-021",547.9
"MLC-022",2076.66666666667
"MLC-023",414.333333333333
"MLC-024",487.666666666667
"MLC-025",399
"MLC-026",621
"MLC-027",477.538461538462
"MLC-028",414.533333333333
"MLC-029",443.857142857143
"MLC-030",477.538461538462
"MLC-031",478.153846153846
"MLC-032",399
"MLC-033",414.333333333333
"MLC-034",736
"MLC-035",564.181818181818
"MLC-036",517.416666666667
"MLC-037",857.666666666667
"MLC-038",414.333333333333
"MLC-039",607.111111111111
"MLC-040",1557
"MLC-041",620.7
"MLC-042",775.25
"MLC-043",451.461538461538
"MLC-044",607.111111111111
"MLC-045",607.111111111111
"MLC-046",414.533333333333
"MLC-047",414.533333333333
"MLC-048",653.888888888889
"MLC-049",690.666666666667
"MLC-050",981.166666666667
"MLC-051",620.7
"MNF-1105",NaN
"MNF-1502",1108
"MNF-1504",NaN
"MNF-1505",NaN
"MNF-1510",1551.5
"MNF-1511",1243.8
"MNF-1512",2186
"MNR-001",1454.75
"MNR-002",1454.75
"MNR-003",NaN
"MNR-004",NaN
"MNR-005",1283.75
"MNR-006",2199.5
"MNR-007",477.769230769231
"MNR-008",478
"MNR-009",484.916666666667
"MNR-010",585
"MNR-011",585
"MNR-012",583.1
"MNR-013",500.545454545455
"MNR-014",415.8
"MNR-015",520.25
"MNR-016",754
"MNR-017",644.222222222222
"MNR-018",616
"MNR-019",1005.75
"MNR-020",1005.75
"MNR-021",744
"MNR-022",638.375
"MNR-023",1099.5
"MNR-024",1103.66666666667
"MNR-025",1707.66666666667
"MNR-026",960.4
"MNR-027",441
"MNR-028",561.363636363636
"MNR-029",486
"MNR-030",685.875
"MNR-031",685.25
"MNR-032",635.625
"MNR-033",566.909090909091
"MNR-034",1634
"MNR-035",501
"MNR-036",612.777777777778
"MNR-037",1365.25
"MNR-038",529
"MNR-039",688.555555555556
"MNR-040",725.25
"MNR-041",685.777777777778
"MNR-042",953.2
"MNR-043",663.8
"MNR-044",1082
"MNR-045",4422
"MNR-046",554.125
"MNR-047",618.2
"MNR-048",562.636363636364
"MNR-049",622.9
"MNR-050",563.090909090909
"SBT-002",NaN
"SBT-003",713
"SBT-004",2649
"SBT-006",793
"SBT-007",1570
"SBT-011",780.666666666667
"SBT-012",2283
"SBT-013",2283
"SBT-016",476
"SBT-017",1570.66666666667
"SBT-018",NaN
"SBT-028",NaN
"SBT-036",NaN
"SBT-038",2191
"SBT-041",NaN
"SBT-044",624.333333333333
"SBT-046",1273.5
"SBT-048",NaN
"SBT-050",NaN
"SBT-052",961.5
"SBT-053",NaN
"SBT-054",715
"SBT-055",835.714285714286
"SHD-630",NaN
"SHD-634",NaN
"SHD-635",788.833333333333
"SHD-636",NaN
"SHD-641",719.5
"SHD-642",629
"SHD-643",777.875
"SHD-648",1067.66666666667
"SHD-650",NaN
"SHD-652",737.666666666667
"SHD-654",1083.33333333333
"SHD-655",1082.66666666667
"SHD-657",1176.8
"SHD-660",733.333333333333
"SHD-661",397
"SHD-663",NaN
"SHD-667",NaN
"SHD-670",NaN
"SHD-672",NaN
"SHD-673",406
"SHD-674",NaN
"SHD-680",839.857142857143
"SHD-681",1184.25
"SHD-682",714.666666666667
"SHD-683",622.1
"SHD-684",NaN
"SHD-685",1618.5
"SHD-686",789
"SHD-687",1582.33333333333
"SHD-691",NaN
"SHD-692",NaN
"SHD-694",1070
"SHD-695",NaN
"SHD-696",NaN
"SHD-697",714.333333333333
"SHD-698",1071.5
"SHD-700",NaN
"SHD-702",NaN
"SHD-705",NaN
"SHD-707",400
"SHD-708",392
"SHD-709",NaN
"SHD-717",NaN
"SHD-720",535.75
"SHD-721",714.333333333333
"SHD-722",1467
"SHD-724",537.75
"SHD-726",2189.5
"SHD-727",537.75
"SHD-728",2189.5
"SHD-730",1438.5
"SHD-732",2866
"SHD-733",1075.5
"SHD-735",911.5
"SHD-736",1448
"SHD-737",748
"SHD-742",NaN
"SHD-743",2558
"SHD-744",788.833333333333
"SHD-746",4383
"SHD-747",1036.5
"SHD-751",1182.5
"SHD-753",1835
"SHD-757",NaN
"SHD-758",NaN
"SHD-759",NaN
"SHD-760",NaN
"SHD-761",1035.66666666667
"SHD-762",550.5
"SHD-763",525.888888888889
"SHD-764",1036.5
"SHD-765",788.5
"SHD-766",675.857142857143
"SHD-768",550.5
"SHD-769",985
"SHD-770",1243
"SHD-772",2367
"SHD-773",946.2
"SHD-775",716
"SHD-776",NaN
"SHD-777",714.333333333333
"SHD-781",NaN
"SHD-782",1097.66666666667
"SHD-783",2367
"SHD-786",1077.33333333333
"SHD-788",NaN
"SHD-789",455.333333333333
"SHD-790",1096.25
"SHD-792",NaN
"SHD-793",1462
"SHD-796",730.333333333333
"SHD-797",587
"SHD-798",735
"SHD-799",985.5
"SHD-801",2189.5
"SHD-802",2188.5
"SHD-803",NaN
"SHD-804",1451
"SHD-805",947.4
"SHD-806",801.2
"SHD-807",711.666666666667
"SHS-10",724.666666666667
"SHS-100",714.333333333333
"SHS-101",714.333333333333
"SHS-102",1608.5
"SHS-103",788
"SHS-104",788
"SHS-108",NaN
"SHS-109",NaN
"SHS-110",NaN
"SHS-12",NaN
"SHS-124",2485
"SHS-125",714.333333333333
"SHS-126",728.6
"SHS-127",947
"SHS-13",NaN
"SHS-137",NaN
"SHS-138",379
"SHS-139",NaN
"SHS-140",4378
"SHS-144",916
"SHS-145",1847
"SHS-148",918
"SHS-149",911.75
"SHS-150",737
"SHS-151",NaN
"SHS-156",2192
"SHS-158",918.833333333333
"SHS-16",NaN
"SHS-161",NaN
"SHS-162",NaN
"SHS-163",NaN
"SHS-165",NaN
"SHS-167",NaN
"SHS-17",NaN
"SHS-170",1096.25
"SHS-174",1641
"SHS-175",538
"SHS-176",814.5
"SHS-177",1183.75
"SHS-181",788.5
"SHS-182",675.857142857143
"SHS-183",525.888888888889
"SHS-186",1244.6
"SHS-188",888.142857142857
"SHS-19",NaN
"SHS-196",NaN
"SHS-200",1070
"SHS-201",NaN
"SHS-202",1070
"SHS-21",723
"SHS-22",1078.66666666667
"SHS-23",947
"SHS-24",1083
"SHS-26",1099.5
"SHS-27",980
"SHS-28",NaN
"SHS-3",1095
"SHS-32",879.6
"SHS-33",1083.33333333333
"SHS-34",1082.66666666667
"SHS-36",2880
"SHS-38",447
"SHS-39",1041.5
"SHS-4",1095
"SHS-41",437.6
"SHS-5",587
"SHS-67",NaN
"SHS-68",NaN
"SHS-7",482.333333333333
"SHS-71",NaN
"SHS-72",NaN
"SHS-78",1311
"SHS-8",731
"SHS-80",536
"SHS-82",1631
"SHS-83",NaN
"SHS-84",383
"SHS-85",383
"SHS-87",NaN
"SHS-88",NaN
"SHS-9",1004.5
"SHS-95",NaN
"SHS-97",910.75
"SHS-98",651.8
"SHS-99",636
"SSM-001",1103.5
"TKW-001",999.25
"TKW-002",NaN
"TKW-004",3728
"TKW-005",675.2
"TKW-006",595.625
"TKW-007",3346
"TKW-008",496.090909090909
"TKW-009",394.428571428571
"TKW-010",734
"TKW-011",587.9
"TKW-013",739.857142857143
"TKW-014",696.375
"TKW-015",505.454545454545
"TKW-016",416.8
"TKW-018",732.833333333333
"TKW-019",447
"TKW-020",426
"TKW-021",1115
"TKW-022",543.75
"TKW-023",744.5
"TKW-024",1814.66666666667
"TKW-025",451.307692307692
"VAS-002",1489
"VAS-003",1459.75
"VAS-004",1489
"VAS-005",1459.75
"VAS-006",1489
"VAS-007",1489
"VAS-008",1459.75
"VAS-009",1489
"VAS-010",1459.75
"VAS-011",1459.75
"VAS-013",1577.33333333333
"VAS-017",1577.33333333333
"VAS-018",973.166666666667
"VAS-019",973.166666666667
"VAS-020",973.166666666667
"VAS-021",739.142857142857
"VAS-022",1035.4
"VAS-023",739.142857142857
"VAS-024",1241.33333333333
"VAS-025",1241.33333333333
"VAS-026",1035.4
"VAS-027",1035.4
"VAS-028",862.333333333333
"VAS-029",1640.5
"VAS-030",862.333333333333
"VAS-031",1640.5
"VAS-032",NaN
"VAS-033",1640.5
"VAS-034",1640.5
"VAS-035",NaN
"VAS-036",1640.5
"VAS-037",NaN
"VAS-038",NaN
"VAS-039",NaN
"VAS-040",NaN
"VAS-042",NaN
"VAS-045",NaN
"VAS-046",NaN
"VAS-048",NaN
"VAS-053",NaN
"VAS-057",NaN
"VAS-058",NaN
"VAS-060",NaN
"VAS-062",NaN
"VAS-063",NaN
"VAS-064",3660
"VAS-065",NaN
"VAS-067",NaN
"VAS-069",NaN
"VAS-077",NaN
"VAS-080",NaN
"VAS-085",847.833333333333
"VAS-086",914.75
"VAS-088",2586.5
"VAS-091",2940
"VAS-095",783.285714285714
"VAS-096",923
"VAS-097",586
"VAS-098",1582.33333333333
"VAS-099",1582.33333333333
"VAS-100",730.25
"VAS-101",1099
"VAS-102",850.5
"VAS-103",1468
"VAS-104",1283
"VAS-105",1108.33333333333
"VAS-106",1663.5
"VAS-107",734.5
"VAS-108",852
"VAS-109",509.4
"VAS-110",948.8
"VAS-111",622
"VAS-112",836.714285714286
"VAS-113",654.333333333333
"VAS-114",841.571428571429
"VAS-115",788.2
"VAS-116",520.416666666667
"VAS-119",857.166666666667
"VAS-120",611.666666666667
"VAS-127",NaN
"VAS-128",1123
"VAS-129",607.333333333333
"VAS-131",488.777777777778
"VAS-132",1819
"VAS-133",NaN
"VAS-136",NaN
"VAS-138",NaN
"VAS-139",2561
"VAS-140",NaN
"VAS-142",904.5
"VAS-143",NaN
"VAS-144",NaN
"VAS-146",1038.33333333333
"VAS-148",NaN
"VAS-149",616
"VAS-150",1438
"VAS-151",973.666666666667
"VAS-152",1175.2
"VAS-153",836.142857142857
"VAS-154",975.833333333333
"VAS-155",392.923076923077
"VAS-156",432.727272727273
"VAS-157",490
"VAS-158",856.666666666667
"VAS-159",856.666666666667
"VAS-160",856.666666666667
"VAS-161",944.6
"VAS-162",904.5
"VAS-163",2058.5
"VAS-164",1892
"VAS-165",1114.5
"VAS-166",1007.5
"VAS-167",1034.16666666667
"VAS-168",725.25
"VAS-169",983
"VAS-170",842.714285714286
"VAS-171",737.25
"VAS-172",655.222222222222
"VAS-173",841.142857142857
"VAS-174",850.285714285714
"VAS-175",NaN
"VAS-177",NaN
"VAS-178",1816
"VAS-179",740
"VAS-180",367
"VAS-181",NaN
"VAS-182",1209.66666666667
"VAS-183",1448.5
"VAS-184",1180.75
"VAS-185",997
"VAS-187",1328
"VAS-188",1329
"VAS-189",1181.5
"VAS-191",NaN
"VAS-192",576
"VAS-193",586.875
"VAS-194",570.666666666667
"VAS-195",497.454545454545
"VAS-196",690.142857142857
"VAS-197",798.428571428571
"VAS-198",517.8
"VAS-199",593.7
"VAS-200",494.75
"VAS-201",693.875
"VAS-202",521.5
"VAS-203",744.125
"VAS-204",992.166666666667
"VAS-205",1619
"VAS-206",4154
"VAS-207",1657.5
"VAS-208",772.375
"VAS-209",2161
"VAS-210",1081
"VAS-211",960.666666666667
"VAS-212",561.454545454545
"VAS-214",1582.33333333333
"VAS-215",611.666666666667
"VAS-216",1189.5
"VAS-217",1648
"VAS-218",646.5
"VAS-219",1182.6
"VAS-220",592.666666666667
"VAS-221",736
"VAS-223",930.666666666667
"VAS-224",930.833333333333
"VAS-225",1093.33333333333
"VAS-226",1212.66666666667
"VAS-227",1029.75
"VAS-228",744.333333333333
"VAS-229",2267
"VAS-230",539
"VAS-231",849
"VAS-232",605.166666666667
"VAS-233",572
"VAS-234",2188.5
"VAS-235",1541
"VAS-236",1026.33333333333
"VAS-237",NaN
"VAS-238",NaN
"VAS-241",703
"VAS-242",978
"VAS-243",2184
"VAS-244",1076
"VAS-245",NaN
"VAS-246",584.285714285714
"VAS-247",584.285714285714
"VAS-248",NaN
"VAS-249",1464
"VAS-250",1464
"VAS-252",557.8
"VAS-253",596.75
"VAS-255",1213.33333333333
"VAS-259",NaN
"VAS-260",983.666666666667
"VAS-261",683.666666666667
"VAS-262",966
"VAS-263",559.363636363636
"VAS-264",557.6
"VAS-265",557.5
"VAS-267",506.909090909091
"VAS-268",428.923076923077
"VAS-270",576.222222222222
"VAS-272",734.142857142857
"VAS-273",561.727272727273
"VAS-274",561.454545454545
"VAS-275",734.142857142857
"VAS-276",561.727272727273
"VAS-277",734.142857142857
"VAS-279",561.454545454545
"VAS-281",561.454545454545
"VAS-283",561.727272727273
"VAS-285",561.727272727273
"VAS-286",550.4
"VAS-289",571
"VAS-290",550.4
"VAS-291",444.857142857143
"VAS-292",388.5
"VAS-293",649.555555555556
"ZGF-011",1088
"ZGF-012",4001
"ZGF-013",2015
"ZGF-014",1038
"ZGF-015",1340.66666666667
"ZGF-016",2011.5
"ZGF-017",NaN
"ZGF-018",1583.33333333333
"ZGF-019",1582.66666666667
"ZGF-020",1187.25
"ZGF-021",1346.33333333333
"ZGF-022",1346.33333333333
"ZGF-023",1187
"ZGF-024",1187
"ZGF-025",1088
"ZGF-026",NaN
"ZGF-027",NaN
"ZGF-030",2379.5
"ZGF-031",NaN
"ZGF-033",2379.5
"ZGF-035",2379.5
"ZGF-036",2379.5
"ZGF-037",2379.5
"ZGF-038",2380.5
"ZGF-039",2380.5
"ZGF-040",1505
"ZGF-041",803
"ZGF-042",799
"ZGF-043",792
"ZGF-045",2379.5
"ZGF-047",1044.33333333333
"ZGF-048",920.5
"ZGF-049",1104.2
"ZGF-050",1588
"ZGF-051",740
"ZGF-052",740
"ZGF-053",2013.5
"ZGF-054",2012.5
"ZGF-055",1467
"ZGF-056",1406
"ZGF-059",NaN
"ZGF-060",NaN
"ZGF-063",NaN
"ZGF-064",1467
"ZGF-065",1463.5
"ZGF-066",2012.5
"ZGF-067",4028
"ZGF-068",1342.66666666667
"ZGF-069",1464.5
"ZGF-070",1463
"ZGF-071",1463.5
"ZHF-001",670.833333333333
"ZHF-002",593
"ZHF-003",587.714285714286
"ZHF-004",734
"ZHF-005",644.5
"ZHF-006",635.25
"ZHH-005",732
"ZHH-010",NaN
"ZHH-016",NaN
"ZIS_001",366.266666666667
"ZIS_002",422.615384615385
"ZIS_003",422.615384615385
"ZIS_004",422.615384615385
"ZIS_005",2000.5
"ZIS_006",1822.33333333333
"ZIS_007",NaN
"ZIS_008",NaN
"ZIS_009",NaN
"ZIS_010",730
"ZIS_011",NaN
"ZIS_012",NaN
"ZIS_013",1102
"ZIS_014",1570.66666666667
"ZIS_015",1263.75
"ZIS_016",1102
"ZIS_017",481.461538461538
"ZIS_018",447.142857142857
"ZIS_019",447.142857142857
"ZIS_020",417.333333333333
"ZIS_023",NaN
"ZIS_024",NaN
"ZIS_026",NaN
"ZIS_027",NaN
"ZIS_029",NaN
"ZIS_032",NaN
"ZIS_033",543.5
"ZIS_034",542
"ZIS_035",542.5
"ZIS_036",542.5
"ZIS_039",387.125
"ZIS_040",364.0625
"ZIS_042",474.307692307692
"ZIS_043",474.307692307692
"ZIS_045",1368
"ZIS_046",1368
"ZIS_047",1368
"ZIS_048",1095.4
"ZIS_050",411.8
"ZIS_051",514.416666666667
"ZIS_052",484.916666666667
"ZIS_053",415.214285714286
"ZIS_054",385.0625
"ZIS_056",410.6
"ZIS_061",NaN
"ZIS_063",NaN
"ZIS_070",546.75
"ZIS_071",545.5
"ZIS_072",547.166666666667
"ZIS_073",1557
"ZIS_074",3113
"ZIS_075",3112.5
"ZIS_076",3113.5
"ZIS_077",413.533333333333
"ZIS_078",443.071428571429
"ZIS_079",477.153846153846
"ZIS_080",443.071428571429
"ZIS_081",442.857142857143
"ZIS_082",364.882352941176
"ZIS_083",364.882352941176
"ZIS_084",413.466666666667
"ZIS_085",412.8
"ZIS_086",387.125
"ZIS_088",387
"ZIS_097",1091
"ZIS_100",NaN
"ZIS_1000",444.428571428571
"ZIS_1001",532.636363636364
"ZIS_1002",390.666666666667
"ZIS_1003",2585
"ZIS_1004",731.666666666667
"ZIS_1005",731.666666666667
"ZIS_1007",732.857142857143
"ZIS_1008",1106.5
"ZIS_1009",880
"ZIS_101",548.166666666667
"ZIS_1010",654.777777777778
"ZIS_1011",1565.33333333333
"ZIS_1012",670.714285714286
"ZIS_1013",698
"ZIS_1014",NaN
"ZIS_1015",641.888888888889
"ZIS_1016",481.333333333333
"ZIS_1017",449.583333333333
"ZIS_1019",927.5
"ZIS_102",618.9
"ZIS_1020",927.5
"ZIS_1021",742.25
"ZIS_1022",899.428571428571
"ZIS_1023",556.454545454545
"ZIS_1024",510.166666666667
"ZIS_1025",510.083333333333
"ZIS_1026",510.083333333333
"ZIS_1027",455.833333333333
"ZIS_1028",570.181818181818
"ZIS_1029",570.181818181818
"ZIS_103",687.666666666667
"ZIS_1030",498.545454545455
"ZIS_1031",970.333333333333
"ZIS_1032",813.25
"ZIS_1034",1083.33333333333
"ZIS_1035",516.333333333333
"ZIS_1036",485
"ZIS_1037",648
"ZIS_1038",442.571428571429
"ZIS_1039",4013
"ZIS_104",676.833333333333
"ZIS_1040",1588.33333333333
"ZIS_1041",4012
"ZIS_1042",4012
"ZIS_1043",NaN
"ZIS_1044",NaN
"ZIS_1045",NaN
"ZIS_1047",726
"ZIS_1048",625.714285714286
"ZIS_1049",781
"ZIS_1050",1239.4
"ZIS_1051",532.636363636364
"ZIS_1052",487.166666666667
"ZIS_1053",546.7
"ZIS_1054",649.555555555556
"ZIS_1055",365.176470588235
"ZIS_1056",442.785714285714
"ZIS_1057",477.615384615385
"ZIS_1058",365.176470588235
"ZIS_1059",449.384615384615
"ZIS_1060",730.25
"ZIS_1061",487
"ZIS_1062",449.461538461538
"ZIS_1063",388.6875
"ZIS_1064",388.5625
"ZIS_1065",388.5625
"ZIS_1066",388.5625
"ZIS_1067",450.357142857143
"ZIS_1071",1020
"ZIS_1072",911
"ZIS_1073",1820
"ZIS_1075",814.666666666667
"ZIS_1076",796.166666666667
"ZIS_1077",796.166666666667
"ZIS_1078",781.571428571429
"ZIS_1079",1001.75
"ZIS_1080",731.142857142857
"ZIS_1081",731.142857142857
"ZIS_1082",1001.75
"ZIS_1083",842.714285714286
"ZIS_1084",454
"ZIS_1085",546.9
"ZIS_1086",859.666666666667
"ZIS_1087",387.5625
"ZIS_1088",387.625
"ZIS_1089",364.823529411765
"ZIS_1090",364.823529411765
"ZIS_1093",365.470588235294
"ZIS_1094",365.470588235294
"ZIS_1095",365.090909090909
"ZIS_1096",581.5
"ZIS_1097",404.111111111111
"ZIS_1098",363.8
"ZIS_1099",447.785714285714
"ZIS_1100",447.857142857143
"ZIS_1101",447.857142857143
"ZIS_1102",447.857142857143
"ZIS_1103",638.625
"ZIS_1104",832.571428571429
"ZIS_1105",1165.6
"ZIS_1106",730.142857142857
"ZIS_1107",673
"ZIS_1108",673
"ZIS_1109",652.8
"ZIS_111",1170.25
"ZIS_1110",NaN
"ZIS_1111",386.9375
"ZIS_1112",365
"ZIS_1113",387.1875
"ZIS_1114",387.1875
"ZIS_1115",414.4
"ZIS_1116",365.1875
"ZIS_1117",389.533333333333
"ZIS_1118",388.3125
"ZIS_1119",475.230769230769
"ZIS_112",882.4
"ZIS_1120",514.833333333333
"ZIS_1121",411.866666666667
"ZIS_1122",411.866666666667
"ZIS_1127",513.583333333333
"ZIS_1128",362.529411764706
"ZIS_1129",410.866666666667
"ZIS_113",1007
"ZIS_1130",513.583333333333
"ZIS_1131",363.647058823529
"ZIS_1132",363.588235294118
"ZIS_1133",363.588235294118
"ZIS_1134",363.647058823529
"ZIS_1135",734.666666666667
"ZIS_1136",859.666666666667
"ZIS_1137",927.666666666667
"ZIS_1138",512.2
"ZIS_1139",636.125
"ZIS_114",805.6
"ZIS_1142",565.444444444444
"ZIS_1143",690
"ZIS_1144",514.166666666667
"ZIS_1145",560.909090909091
"ZIS_1146",617.1
"ZIS_1147",467.909090909091
"ZIS_1148",630.714285714286
"ZIS_1149",630.714285714286
"ZIS_115",1342.66666666667
"ZIS_1150",571.555555555556
"ZIS_1151",729
"ZIS_1152",1224.33333333333
"ZIS_1153",2920
"ZIS_1154",2383.5
"ZIS_1155",2897.5
"ZIS_1157",2008
"ZIS_1158",1448
"ZIS_1159",1940.66666666667
"ZIS_116",805.6
"ZIS_1160",1467.25
"ZIS_1161",922.25
"ZIS_1162",972.666666666667
"ZIS_1163",2158
"ZIS_1164",NaN
"ZIS_1165",1466.5
"ZIS_1166",2159
"ZIS_1167",1096
"ZIS_1168",1472.66666666667
"ZIS_1169",2211.5
"ZIS_1170",1095
"ZIS_1171",726
"ZIS_1172",NaN
"ZIS_1173",NaN
"ZIS_1174",726
"ZIS_1175",3122
"ZIS_1176",2080.66666666667
"ZIS_1177",3122
"ZIS_1178",3122
"ZIS_1179",2358
"ZIS_118",NaN
"ZIS_1181",1178.75
"ZIS_1182",1179.75
"ZIS_1183",454.5
"ZIS_1188",1459.5
"ZIS_1189",720.5
"ZIS_119",NaN
"ZIS_1190",1168.4
"ZIS_1191",648.888888888889
"ZIS_1192",628
"ZIS_1193",954.4
"ZIS_1194",681.857142857143
"ZIS_1195",596.25
"ZIS_1197",1071
"ZIS_1201",NaN
"ZIS_1204",1392
"ZIS_1205",1225
"ZIS_1206",992.333333333333
"ZIS_1207",1122
"ZIS_1208",1338.33333333333
"ZIS_1209",1276
"ZIS_121",1276
"ZIS_1210",357
"ZIS_1212",734
"ZIS_1213",727.666666666667
"ZIS_1214",356.5
"ZIS_1215",888.714285714286
"ZIS_1216",778.625
"ZIS_1217",778.625
"ZIS_1218",469.857142857143
"ZIS_122",2550
"ZIS_1220",2377.5
"ZIS_1221",1944.33333333333
"ZIS_1222",741
"ZIS_1223",2740
"ZIS_1224",3670
"ZIS_1225",NaN
"ZIS_1226",NaN
"ZIS_1227",NaN
"ZIS_1228",538.454545454545
"ZIS_1229",538.181818181818
"ZIS_1230",592.1
"ZIS_1231",566.181818181818
"ZIS_1232",NaN
"ZIS_1236",516.333333333333
"ZIS_1237",516.333333333333
"ZIS_1238",412.933333333333
"ZIS_1239",476.307692307692
"ZIS_1240",419.357142857143
"ZIS_1241",451.615384615385
"ZIS_1242",419.357142857143
"ZIS_1243",451.538461538462
"ZIS_1244",474.692307692308
"ZIS_1245",474.923076923077
"ZIS_1246",474.615384615385
"ZIS_1247",514.25
"ZIS_1249",314
"ZIS_125",1093.5
"ZIS_1250",936.5
"ZIS_1251",625.666666666667
"ZIS_1252",3110.5
"ZIS_1253",2074.66666666667
"ZIS_1254",1244.2
"ZIS_1255",1555
"ZIS_1256",565.222222222222
"ZIS_1257",510.5
"ZIS_1258",638.125
"ZIS_1259",789.5
"ZIS_126",NaN
"ZIS_1260",709
"ZIS_1261",393
"ZIS_1262",5508
"ZIS_1263",576.8
"ZIS_1264",720.5
"ZIS_1265",960.666666666667
"ZIS_1266",960.333333333333
"ZIS_1271",2956.5
"ZIS_1272",5922
"ZIS_1273",NaN
"ZIS_1274",NaN
"ZIS_1275",910.333333333333
"ZIS_1276",671.5
"ZIS_1277",618.857142857143
"ZIS_1278",575
"ZIS_128",1086
"ZIS_1283",531.818181818182
"ZIS_1284",446.857142857143
"ZIS_1285",518.75
"ZIS_1286",444.642857142857
"ZIS_1287",415
"ZIS_129",587
"ZIS_1291",650.666666666667
"ZIS_1292",NaN
"ZIS_1293",NaN
"ZIS_1294",650.666666666667
"ZIS_1295",914.833333333333
"ZIS_1296",914.833333333333
"ZIS_1297",836.428571428571
"ZIS_1298",855.333333333333
"ZIS_1302",364
"ZIS_1303",363.647058823529
"ZIS_1304",363.647058823529
"ZIS_1305",421.333333333333
"ZIS_1306",421.333333333333
"ZIS_1307",395
"ZIS_1308",372.294117647059
"ZIS_1309",NaN
"ZIS_131",1098.4
"ZIS_1310",NaN
"ZIS_1311",2014.5
"ZIS_1312",NaN
"ZIS_1317",2594
"ZIS_1318",2593
"ZIS_1319",1297.75
"ZIS_132",1099.6
"ZIS_1320",2593
"ZIS_1321",893.714285714286
"ZIS_1322",1121.75
"ZIS_1323",896.6
"ZIS_1324",894
"ZIS_1325",1004.75
"ZIS_1326",1028
"ZIS_1327",999.333333333333
"ZIS_1328",3298
"ZIS_1329",NaN
"ZIS_1332",NaN
"ZIS_1333",1828
"ZIS_1334",1283.5
"ZIS_1335",2567.5
"ZIS_1336",3656
"ZIS_1337",1974
"ZIS_1338",2088.33333333333
"ZIS_1339",3132
"ZIS_134",389.4
"ZIS_1343",1813
"ZIS_1344",NaN
"ZIS_1346",497.454545454545
"ZIS_1348",625
"ZIS_1349",778.571428571429
"ZIS_135",365.75
"ZIS_1350",1012
"ZIS_1351",698
"ZIS_1352",908.166666666667
"ZIS_1353",451.461538461538
"ZIS_1354",488.75
"ZIS_1355",451.230769230769
"ZIS_1356",419.142857142857
"ZIS_1357",397.857142857143
"ZIS_1358",397.857142857143
"ZIS_1359",398.8
"ZIS_136",390.266666666667
"ZIS_1360",373.9375
"ZIS_1361",564.818181818182
"ZIS_1362",517.75
"ZIS_1363",564.727272727273
"ZIS_1364",621.2
"ZIS_1366",NaN
"ZIS_1367",NaN
"ZIS_1368",NaN
"ZIS_1369",419.230769230769
"ZIS_137",418.357142857143
"ZIS_1370",418.923076923077
"ZIS_1371",419.153846153846
"ZIS_1372",419.153846153846
"ZIS_1373",997.75
"ZIS_1374",998.25
"ZIS_1375",731
"ZIS_1377",1098.75
"ZIS_138",3998
"ZIS_1381",732.875
"ZIS_1382",2187
"ZIS_1385",1024.25
"ZIS_1386",1013.5
"ZIS_1387",735.666666666667
"ZIS_1388",5535
"ZIS_1389",1384.5
"ZIS_139",NaN
"ZIS_1390",735.25
"ZIS_1391",NaN
"ZIS_1392",NaN
"ZIS_1397",2742
"ZIS_140",NaN
"ZIS_1400",631.333333333333
"ZIS_1401",631.833333333333
"ZIS_1403",848.75
"ZIS_1405",663.666666666667
"ZIS_1408",859.666666666667
"ZIS_1409",859.333333333333
"ZIS_141",3998
"ZIS_1410",1105.33333333333
"ZIS_1411",1280.25
"ZIS_1412",442.571428571429
"ZIS_1413",447.384615384615
"ZIS_1414",484.666666666667
"ZIS_1415",484.583333333333
"ZIS_1416",628.7
"ZIS_1417",1047.83333333333
"ZIS_1419",628.8
"ZIS_142",NaN
"ZIS_1425",3324
"ZIS_1428",1589
"ZIS_1429",2382.5
"ZIS_1431",NaN
"ZIS_1432",691.666666666667
"ZIS_1433",622.2
"ZIS_1434",889
"ZIS_1436",670.333333333333
"ZIS_1437",677.285714285714
"ZIS_1438",592.625
"ZIS_1439",574.714285714286
"ZIS_144",NaN
"ZIS_1440",791.666666666667
"ZIS_1441",1037.5
"ZIS_1442",518.583333333333
"ZIS_1443",622.4
"ZIS_1444",1001
"ZIS_1445",2066.66666666667
"ZIS_1446",2067
"ZIS_1447",2002
"ZIS_1448",1093.5
"ZIS_145",NaN
"ZIS_1450",1087.5
"ZIS_1451",NaN
"ZIS_1452",4743
"ZIS_1453",351
"ZIS_1463",386.6875
"ZIS_1464",1374.5
"ZIS_1465",1832.33333333333
"ZIS_1468",NaN
"ZIS_1469",720
"ZIS_1470",3288
"ZIS_1471",1645
"ZIS_1472",NaN
"ZIS_1473",4000
"ZIS_1474",1832.5
"ZIS_1475",2201
"ZIS_1477",582.2
"ZIS_1478",727.75
"ZIS_1479",417.285714285714
"ZIS_1481",561.5
"ZIS_1482",831.5
"ZIS_1484",1038.83333333333
"ZIS_1485",1076.25
"ZIS_1486",1357.33333333333
"ZIS_1487",946.2
"ZIS_1488",1083.5
"ZIS_1489",1038
"ZIS_1491",1443.66666666667
"ZIS_1492",663.571428571429
"ZIS_1493",663.571428571429
"ZIS_1495",516.333333333333
"ZIS_1498",NaN
"ZIS_1499",NaN
"ZIS_150",641.25
"ZIS_1500",NaN
"ZIS_1501",2752.5
"ZIS_1504",2016.5
"ZIS_1507",NaN
"ZIS_151",641
"ZIS_1510",NaN
"ZIS_1512",1117
"ZIS_1513",NaN
"ZIS_1514",NaN
"ZIS_1515",1093.33333333333
"ZIS_1517",546
"ZIS_1518",546.5
"ZIS_1519",546.5
"ZIS_152",569.666666666667
"ZIS_153",1283.5
"ZIS_1532",363.647058823529
"ZIS_1533",363.647058823529
"ZIS_1534",363.764705882353
"ZIS_1535",363.764705882353
"ZIS_154",1827.33333333333
"ZIS_1540",1261
"ZIS_1541",907.5
"ZIS_1542",1093
"ZIS_1543",911
"ZIS_1548",NaN
"ZIS_155",547.5
"ZIS_1552",3282
"ZIS_1553",1216.66666666667
"ZIS_1554",NaN
"ZIS_1555",2371.5
"ZIS_156",547.5
"ZIS_1560",913.5
"ZIS_1561",1096.2
"ZIS_1563",1171.8
"ZIS_1568",550.5
"ZIS_157",3607
"ZIS_1570",5519
"ZIS_1571",1279.75
"ZIS_1572",1360.5
"ZIS_1573",1814.33333333333
"ZIS_1574",1814.66666666667
"ZIS_1575",604.666666666667
"ZIS_1576",586.6
"ZIS_1577",451.076923076923
"ZIS_1578",390.933333333333
"ZIS_1579",391.692307692308
"ZIS_158",5066
"ZIS_1585",545.4
"ZIS_1586",386.733333333333
"ZIS_1587",411.866666666667
"ZIS_1588",1834
"ZIS_1589",1826
"ZIS_1591",NaN
"ZIS_1592",910
"ZIS_1593",1455.33333333333
"ZIS_1599",NaN
"ZIS_160",1275
"ZIS_1600",NaN
"ZIS_1601",734
"ZIS_1602",1218.33333333333
"ZIS_1603",3679
"ZIS_1604",1834.66666666667
"ZIS_1605",NaN
"ZIS_1606",2384.5
"ZIS_1607",1834.66666666667
"ZIS_1608",1477.33333333333
"ZIS_1609",2036.5
"ZIS_161",1835
"ZIS_1610",1094.5
"ZIS_1611",1477.33333333333
"ZIS_1614",NaN
"ZIS_1616",2540
"ZIS_1618",NaN
"ZIS_1619",2540
"ZIS_1624",3348
"ZIS_1625",NaN
"ZIS_1626",NaN
"ZIS_1627",5154
"ZIS_1628",403.111111111111
"ZIS_1629",436.333333333333
"ZIS_163",388.1875
"ZIS_1630",393.846153846154
"ZIS_1631",441
"ZIS_1632",NaN
"ZIS_1633",1105.5
"ZIS_1634",1104.5
"ZIS_1635",2549
"ZIS_1636",505.2
"ZIS_1637",631.125
"ZIS_1638",686
"ZIS_1639",561.555555555556
"ZIS_164",388.0625
"ZIS_1640",1820
"ZIS_1641",1820
"ZIS_1642",4013
"ZIS_1645",1451.66666666667
"ZIS_1646",4352
"ZIS_1648",NaN
"ZIS_1650",NaN
"ZIS_1651",2544
"ZIS_1652",1095.6
"ZIS_1653",1373
"ZIS_1654",784.571428571429
"ZIS_1655",977.5
"ZIS_1656",496.909090909091
"ZIS_1657",496.818181818182
"ZIS_1658",546.6
"ZIS_1659",780.857142857143
"ZIS_1660",518.75
"ZIS_1661",565.909090909091
"ZIS_1662",691.666666666667
"ZIS_1664",1123
"ZIS_1665",931.75
"ZIS_1666",NaN
"ZIS_1667",NaN
"ZIS_1669",NaN
"ZIS_167",NaN
"ZIS_1670",2182
"ZIS_1671",NaN
"ZIS_1672",1864
"ZIS_1673",678.666666666667
"ZIS_1674",1016.5
"ZIS_1675",1069
"ZIS_1676",554.875
"ZIS_1677",554.875
"ZIS_1678",512
"ZIS_1679",586.4
"ZIS_168",NaN
"ZIS_1681",2085
"ZIS_1682",2085
"ZIS_1683",1563.75
"ZIS_1684",1087.33333333333
"ZIS_1685",1087.33333333333
"ZIS_1686",950
"ZIS_1687",840.571428571429
"ZIS_169",1191
"ZIS_1692",1806
"ZIS_1693",733
"ZIS_1694",1221
"ZIS_1695",NaN
"ZIS_1696",610.333333333333
"ZIS_1699",403.8
"ZIS_170",1549.25
"ZIS_1700",728.571428571429
"ZIS_1701",510.1
"ZIS_1702",510.2
"ZIS_1703",728.571428571429
"ZIS_1704",971
"ZIS_1705",706
"ZIS_1706",757
"ZIS_1707",1517
"ZIS_171",1271.25
"ZIS_1711",NaN
"ZIS_1713",4729
"ZIS_1714",2734.5
"ZIS_1715",NaN
"ZIS_172",885.285714285714
"ZIS_1720",1557.5
"ZIS_1721",1557.75
"ZIS_1722",1557.75
"ZIS_1723",2077
"ZIS_1724",NaN
"ZIS_1725",NaN
"ZIS_173",885.142857142857
"ZIS_1734",NaN
"ZIS_1736",NaN
"ZIS_1737",NaN
"ZIS_1738",NaN
"ZIS_1739",NaN
"ZIS_1740",1996.5
"ZIS_1741",1036
"ZIS_1742",1294.75
"ZIS_1743",1997.5
"ZIS_1745",3237
"ZIS_1747",NaN
"ZIS_1748",1242.4
"ZIS_1749",2172
"ZIS_1750",NaN
"ZIS_1752",2576
"ZIS_1753",886.8
"ZIS_1754",537.090909090909
"ZIS_1755",1195.75
"ZIS_1756",620.5
"ZIS_1757",620.5
"ZIS_1758",689.222222222222
"ZIS_1759",643.777777777778
"ZIS_1760",802.8
"ZIS_1761",815.5
"ZIS_1762",960.333333333333
"ZIS_1763",961
"ZIS_1769",NaN
"ZIS_1772",1242.4
"ZIS_1773",1457
"ZIS_1774",728.75
"ZIS_1775",729
"ZIS_1776",733
"ZIS_1778",1108
"ZIS_1779",618.333333333333
"ZIS_178",439.4
"ZIS_1780",1368.66666666667
"ZIS_1781",1368.66666666667
"ZIS_1782",NaN
"ZIS_1784",368
"ZIS_1785",735
"ZIS_1786",3264
"ZIS_1787",NaN
"ZIS_1788",1087.6
"ZIS_179",550.4
"ZIS_1790",1165
"ZIS_1791",1207.66666666667
"ZIS_1792",1177.25
"ZIS_1794",1453
"ZIS_1796",4736
"ZIS_1797",NaN
"ZIS_1798",853
"ZIS_1799",4736
"ZIS_1800",413
"ZIS_1801",387.3125
"ZIS_1802",413.266666666667
"ZIS_1803",516.333333333333
"ZIS_1808",2500
"ZIS_1809",640.75
"ZIS_1810",640.75
"ZIS_1811",2500
"ZIS_1816",529.454545454545
"ZIS_1817",485.333333333333
"ZIS_1818",529.545454545455
"ZIS_1819",529.181818181818
"ZIS_1820",2739
"ZIS_1821",5114
"ZIS_1822",2739
"ZIS_1823",2739
"ZIS_1824",1171.8
"ZIS_1825",1378.25
"ZIS_1826",739
"ZIS_1827",NaN
"ZIS_1828",2179
"ZIS_1829",NaN
"ZIS_1830",NaN
"ZIS_1831",NaN
"ZIS_1832",646
"ZIS_1833",775.714285714286
"ZIS_1834",676.428571428571
"ZIS_1835",581
"ZIS_1836",689.444444444444
"ZIS_1837",2214.5
"ZIS_1838",798.333333333333
"ZIS_1839",539.363636363636
"ZIS_1840",1028
"ZIS_1841",497.545454545455
"ZIS_1842",799.833333333333
"ZIS_1843",840.428571428571
"ZIS_1844",NaN
"ZIS_1845",NaN
"ZIS_1847",NaN
"ZIS_1848",620.888888888889
"ZIS_1849",659.375
"ZIS_1850",659.375
"ZIS_1851",802.833333333333
"ZIS_186",358.5
"ZIS_1860",736.25
"ZIS_1861",572.142857142857
"ZIS_1862",736.5
"ZIS_1863",738.75
"ZIS_1864",446.785714285714
"ZIS_1865",446
"ZIS_1866",529.888888888889
"ZIS_1867",452.538461538462
"ZIS_187",358.5
"ZIS_1872",791.5
"ZIS_1873",NaN
"ZIS_1874",NaN
"ZIS_1875",791.5
"ZIS_1876",565.555555555556
"ZIS_1877",636.5
"ZIS_1878",747
"ZIS_1879",649.666666666667
"ZIS_1881",NaN
"ZIS_1882",2735
"ZIS_1883",1817
"ZIS_1888",387.8125
"ZIS_1889",448.923076923077
"ZIS_1890",448.923076923077
"ZIS_1892",NaN
"ZIS_1893",NaN
"ZIS_1895",NaN
"ZIS_1896",1226.33333333333
"ZIS_1897",673.333333333333
"ZIS_1898",543
"ZIS_1899",2027
"ZIS_190",515.25
"ZIS_1900",549.5
"ZIS_1901",367
"ZIS_1902",489
"ZIS_1903",1951.66666666667
"ZIS_1906",NaN
"ZIS_1907",NaN
"ZIS_1909",547.166666666667
"ZIS_191",562.818181818182
"ZIS_1910",547.166666666667
"ZIS_1911",547.166666666667
"ZIS_1912",2564
"ZIS_1913",1218.33333333333
"ZIS_1914",1827.5
"ZIS_1915",1099.2
"ZIS_1916",611
"ZIS_1917",691.777777777778
"ZIS_1918",548.5
"ZIS_1919",685.75
"ZIS_192",476.153846153846
"ZIS_1920",2206
"ZIS_1922",NaN
"ZIS_1923",NaN
"ZIS_1924",NaN
"ZIS_1927",NaN
"ZIS_1928",794.4
"ZIS_1929",678.125
"ZIS_193",515.25
"ZIS_1930",460.090909090909
"ZIS_1931",588.125
"ZIS_1936",417.133333333333
"ZIS_1937",417.133333333333
"ZIS_1938",417.133333333333
"ZIS_1939",417.133333333333
"ZIS_194",516.166666666667
"ZIS_1940",NaN
"ZIS_1943",NaN
"ZIS_1944",658
"ZIS_1945",658
"ZIS_1946",657.6
"ZIS_1947",512.6
"ZIS_195",444.142857142857
"ZIS_1950",1369.5
"ZIS_1952",NaN
"ZIS_1958",511.4
"ZIS_1959",369
"ZIS_196",444.142857142857
"ZIS_1963",NaN
"ZIS_1964",599.2
"ZIS_1965",867.666666666667
"ZIS_1966",688
"ZIS_1967",599.2
"ZIS_1968",NaN
"ZIS_1969",2193
"ZIS_197",516.166666666667
"ZIS_1971",NaN
"ZIS_1976",433.272727272727
"ZIS_1977",549.75
"ZIS_1978",531.727272727273
"ZIS_1979",487.75
"ZIS_198",1582.33333333333
"ZIS_1980",NaN
"ZIS_1981",2593
"ZIS_1984",730.857142857143
"ZIS_1985",732.375
"ZIS_1986",731
"ZIS_1987",730.428571428571
"ZIS_1988",486.666666666667
"ZIS_1989",486.666666666667
"ZIS_199",1092
"ZIS_1990",584.7
"ZIS_1991",584.7
"ZIS_1992",2555
"ZIS_1993",NaN
"ZIS_1994",367
"ZIS_1995",2205
"ZIS_1996",NaN
"ZIS_1997",5870
"ZIS_1999",NaN
"ZIS_200",1575
"ZIS_2000",1815.33333333333
"ZIS_2001",1088
"ZIS_2002",1359.5
"ZIS_2003",2722
"ZIS_201",2007.5
"ZIS_2012",909
"ZIS_2013",849.666666666667
"ZIS_2014",637.25
"ZIS_2015",606
"ZIS_2016",733.25
"ZIS_2017",609.333333333333
"ZIS_2018",651.777777777778
"ZIS_2019",651.777777777778
"ZIS_202",363.705882352941
"ZIS_2020",509.2
"ZIS_2021",606.333333333333
"ZIS_2022",544.5
"ZIS_2023",656
"ZIS_2024",NaN
"ZIS_2025",NaN
"ZIS_2026",NaN
"ZIS_2027",898
"ZIS_2028",951.6
"ZIS_203",386.125
"ZIS_2030",432.727272727273
"ZIS_2031",432.727272727273
"ZIS_2033",480.307692307692
"ZIS_2034",513.1
"ZIS_2035",589.4
"ZIS_2037",1297.25
"ZIS_2038",1835
"ZIS_2039",1833
"ZIS_2040",1833
"ZIS_2041",NaN
"ZIS_2042",NaN
"ZIS_2043",NaN
"ZIS_2045",387.875
"ZIS_2046",450.230769230769
"ZIS_2047",413.866666666667
"ZIS_2048",413.8
"ZIS_2049",392.666666666667
"ZIS_205",386.5625
"ZIS_2050",570.636363636364
"ZIS_2051",482.846153846154
"ZIS_2052",436.083333333333
"ZIS_2058",389.933333333333
"ZIS_2059",431.181818181818
"ZIS_206",563.272727272727
"ZIS_2060",366.846153846154
"ZIS_2061",566.111111111111
"ZIS_2062",597.75
"ZIS_2063",521.5
"ZIS_2069",399
"ZIS_207",775.25
"ZIS_2071",720
"ZIS_2072",401
"ZIS_2073",441.142857142857
"ZIS_2074",441.214285714286
"ZIS_2075",441.214285714286
"ZIS_2076",441.142857142857
"ZIS_2077",1857
"ZIS_2078",2949.5
"ZIS_2079",1278
"ZIS_208",774.75
"ZIS_2080",2613
"ZIS_2082",4853
"ZIS_2083",1841
"ZIS_2084",NaN
"ZIS_2085",NaN
"ZIS_2086",2882
"ZIS_2087",1621.5
"ZIS_2088",NaN
"ZIS_2089",588
"ZIS_209",516.416666666667
"ZIS_2090",587.2
"ZIS_2091",1016.2
"ZIS_2092",647.555555555556
"ZIS_2093",692
"ZIS_2094",582.5
"ZIS_2095",529.545454545455
"ZIS_2096",615.222222222222
"ZIS_2097",794.428571428571
"ZIS_2098",794.428571428571
"ZIS_2099",740.333333333333
"ZIS_210",413.866666666667
"ZIS_2100",740.333333333333
"ZIS_2101",387.3125
"ZIS_2102",413
"ZIS_2103",442.714285714286
"ZIS_2104",413.2
"ZIS_2105",739.5
"ZIS_2106",557.333333333333
"ZIS_2107",528
"ZIS_2108",1194.5
"ZIS_2109",NaN
"ZIS_211",416.928571428571
"ZIS_2112",908.5
"ZIS_2117",1104
"ZIS_212",388.8
"ZIS_2121",524
"ZIS_2122",698.444444444444
"ZIS_2123",791.714285714286
"ZIS_2124",564.909090909091
"ZIS_2125",364.705882352941
"ZIS_2126",387.5
"ZIS_2127",364.352941176471
"ZIS_2128",364.705882352941
"ZIS_2129",2006
"ZIS_213",416.428571428571
"ZIS_2130",2006.5
"ZIS_2131",2938.5
"ZIS_2132",3650
"ZIS_2133",845.333333333333
"ZIS_2134",854
"ZIS_2135",1588.33333333333
"ZIS_2136",799.8
"ZIS_2137",455.5
"ZIS_2138",364.285714285714
"ZIS_2139",392.076923076923
"ZIS_2140",445.222222222222
"ZIS_2141",448.384615384615
"ZIS_2142",448.384615384615
"ZIS_2143",448.307692307692
"ZIS_2144",582.9
"ZIS_2145",649.333333333333
"ZIS_2146",834.857142857143
"ZIS_2147",835.142857142857
"ZIS_2148",531.454545454545
"ZIS_2149",367.266666666667
"ZIS_2150",458.916666666667
"ZIS_2151",1642.5
"ZIS_2152",570.222222222222
"ZIS_2157",1178.75
"ZIS_2158",588.2
"ZIS_2159",588.1
"ZIS_216",1189
"ZIS_2160",588.3
"ZIS_2161",452.461538461538
"ZIS_2164",1377.66666666667
"ZIS_2165",2067
"ZIS_2166",437.7
"ZIS_2167",497.545454545455
"ZIS_2168",456.166666666667
"ZIS_2170",532
"ZIS_2171",465.625
"ZIS_2172",678.333333333333
"ZIS_2173",465.625
"ZIS_2174",361
"ZIS_2175",481
"ZIS_2176",578.2
"ZIS_218",1368.25
"ZIS_2182",1117.66666666667
"ZIS_2183",1161.75
"ZIS_2184",570.285714285714
"ZIS_2185",1117.66666666667
"ZIS_2186",732.625
"ZIS_2187",639.125
"ZIS_2188",486.166666666667
"ZIS_2189",835.285714285714
"ZIS_219",1461.66666666667
"ZIS_2190",1454.33333333333
"ZIS_2191",1701.33333333333
"ZIS_2192",1299.25
"ZIS_2193",1267.5
"ZIS_2198",NaN
"ZIS_2199",NaN
"ZIS_220",877
"ZIS_2200",384
"ZIS_2201",NaN
"ZIS_2202",652.111111111111
"ZIS_2203",871
"ZIS_2204",838.428571428571
"ZIS_2205",533.363636363636
"ZIS_2206",425.75
"ZIS_2207",392.928571428571
"ZIS_2208",393.153846153846
"ZIS_2209",393
"ZIS_2210",887.285714285714
"ZIS_2211",776.375
"ZIS_2212",1244.8
"ZIS_2213",888.714285714286
"ZIS_2214",1029.8
"ZIS_2216",3289
"ZIS_2217",1587
"ZIS_222",835.428571428571
"ZIS_2220",522
"ZIS_2221",551.666666666667
"ZIS_2222",734
"ZIS_2223",1569.66666666667
"ZIS_2224",1571
"ZIS_2225",NaN
"ZIS_2226",2003
"ZIS_2228",842.666666666667
"ZIS_2229",917.5
"ZIS_223",1169.6
"ZIS_2233",NaN
"ZIS_2234",1235.2
"ZIS_2235",777.857142857143
"ZIS_2236",777.857142857143
"ZIS_2237",1814.66666666667
"ZIS_2238",486.416666666667
"ZIS_2239",465.727272727273
"ZIS_224",1591.66666666667
"ZIS_2241",583.7
"ZIS_2246",419.571428571429
"ZIS_2247",364.235294117647
"ZIS_2248",476.307692307692
"ZIS_2249",442.214285714286
"ZIS_225",1027.4
"ZIS_2250",1082.66666666667
"ZIS_2251",1077
"ZIS_2252",719
"ZIS_2253",1275.5
"ZIS_2255",735.5
"ZIS_2256",1097.2
"ZIS_2257",1172.2
"ZIS_2258",455.333333333333
"ZIS_2260",608
"ZIS_2261",547
"ZIS_2266",1222.66666666667
"ZIS_2267",1222.66666666667
"ZIS_2270",637.75
"ZIS_2271",784.571428571429
"ZIS_2272",785.571428571429
"ZIS_2273",675
"ZIS_2274",491.5
"ZIS_2275",491.666666666667
"ZIS_2276",499.545454545455
"ZIS_2277",547
"ZIS_2278",445.25
"ZIS_228",1214.8
"ZIS_2281",1063
"ZIS_2282",448
"ZIS_2283",482.166666666667
"ZIS_2284",579.2
"ZIS_2285",448.5
"ZIS_2286",971.333333333333
"ZIS_2287",781.428571428571
"ZIS_2288",1184
"ZIS_2289",1368
"ZIS_229",2673.5
"ZIS_2290",836.714285714286
"ZIS_2291",532.272727272727
"ZIS_2292",608.444444444444
"ZIS_2293",684.5
"ZIS_2294",596.625
"ZIS_2295",2387.5
"ZIS_2297",802.8
"ZIS_2298",1457.75
"ZIS_2299",1029.83333333333
"ZIS_230",1215.8
"ZIS_2300",1030.33333333333
"ZIS_2301",1166.8
"ZIS_2302",681.428571428571
"ZIS_2303",630.428571428571
"ZIS_2304",776.875
"ZIS_2305",596.25
"ZIS_2306",1709
"ZIS_2307",NaN
"ZIS_2308",NaN
"ZIS_2309",1281.25
"ZIS_231",729.142857142857
"ZIS_2318",1022
"ZIS_2319",1223.33333333333
"ZIS_232",726.5
"ZIS_2320",1548.75
"ZIS_2321",1022
"ZIS_2326",441
"ZIS_2327",440.928571428571
"ZIS_2328",441.071428571429
"ZIS_2329",441.071428571429
"ZIS_233",484.083333333333
"ZIS_2330",NaN
"ZIS_2331",917.5
"ZIS_2332",916.5
"ZIS_2333",917.5
"ZIS_2334",534
"ZIS_2335",1225
"ZIS_2336",736.4
"ZIS_2337",587.2
"ZIS_234",638
"ZIS_2342",1261.5
"ZIS_2343",1097
"ZIS_2350",4778
"ZIS_2351",2389
"ZIS_2352",2389.5
"ZIS_2353",NaN
"ZIS_2354",1563.66666666667
"ZIS_2355",1838
"ZIS_2356",695
"ZIS_2357",1029.6
"ZIS_2358",807.6
"ZIS_2359",1008
"ZIS_2360",735.571428571429
"ZIS_2361",2583
"ZIS_2362",1112
"ZIS_2363",1112
"ZIS_2364",1095
"ZIS_2366",733
"ZIS_2367",2584.5
"ZIS_2368",1287.75
"ZIS_2369",387.733333333333
"ZIS_2370",387.733333333333
"ZIS_2371",387.733333333333
"ZIS_2372",387.733333333333
"ZIS_2373",979
"ZIS_2374",507
"ZIS_2375",1010.8
"ZIS_2376",978.333333333333
"ZIS_2377",NaN
"ZIS_2378",NaN
"ZIS_2379",3325
"ZIS_2381",416.428571428571
"ZIS_2382",449
"ZIS_2383",413.133333333333
"ZIS_2384",388.666666666667
"ZIS_2390",NaN
"ZIS_2393",1872
"ZIS_2394",NaN
"ZIS_2396",NaN
"ZIS_2398",450.615384615385
"ZIS_2399",478.692307692308
"ZIS_2401",NaN
"ZIS_2404",NaN
"ZIS_2405",781.428571428571
"ZIS_2406",594.75
"ZIS_2407",594.75
"ZIS_2408",781.428571428571
"ZIS_2409",913.5
"ZIS_2410",566.888888888889
"ZIS_2411",563.181818181818
"ZIS_2412",915.5
"ZIS_2413",369
"ZIS_2415",737
"ZIS_2418",NaN
"ZIS_2419",1649
"ZIS_2420",NaN
"ZIS_2421",803.2
"ZIS_2422",1004
"ZIS_2423",NaN
"ZIS_2424",NaN
"ZIS_2425",NaN
"ZIS_2428",NaN
"ZIS_2429",388.266666666667
"ZIS_243",418.285714285714
"ZIS_2430",443.214285714286
"ZIS_2431",443.428571428571
"ZIS_2432",416
"ZIS_2433",898.5
"ZIS_2434",1190.75
"ZIS_2435",2928
"ZIS_2437",445.923076923077
"ZIS_2438",644.777777777778
"ZIS_2439",580.7
"ZIS_244",520.666666666667
"ZIS_2440",414.285714285714
"ZIS_2442",NaN
"ZIS_2443",1929
"ZIS_2445",742.5
"ZIS_2449",403.75
"ZIS_245",568.090909090909
"ZIS_2450",850.666666666667
"ZIS_2451",837.285714285714
"ZIS_2452",637.875
"ZIS_2453",681.142857142857
"ZIS_2454",639
"ZIS_2455",639
"ZIS_2456",608.166666666667
"ZIS_2457",647
"ZIS_2458",730.666666666667
"ZIS_2459",438.1
"ZIS_246",418.214285714286
"ZIS_2460",1165.2
"ZIS_2462",683.375
"ZIS_2465",916
"ZIS_2466",362
"ZIS_2467",605.666666666667
"ZIS_2468",367
"ZIS_2469",802.8
"ZIS_247",879
"ZIS_2470",545.75
"ZIS_2471",803.6
"ZIS_2472",802.8
"ZIS_2473",363.294117647059
"ZIS_2474",385.875
"ZIS_2475",411.6
"ZIS_2476",363.352941176471
"ZIS_248",879
"ZIS_2485",781
"ZIS_2487",369.5
"ZIS_2488",949.2
"ZIS_249",506.666666666667
"ZIS_2490",477.615384615385
"ZIS_2491",397.090909090909
"ZIS_2492",443.642857142857
"ZIS_2493",730
"ZIS_2494",687.111111111111
"ZIS_2495",574.428571428571
"ZIS_2496",912
"ZIS_2497",449
"ZIS_2498",530.636363636364
"ZIS_2499",530.636363636364
"ZIS_250",934.5
"ZIS_2501",3275
"ZIS_251",787
"ZIS_2513",647.333333333333
"ZIS_2514",562.272727272727
"ZIS_2515",485.583333333333
"ZIS_2516",515.583333333333
"ZIS_2517",1178
"ZIS_2518",734.5
"ZIS_252",787.166666666667
"ZIS_2520",1178
"ZIS_2521",1708.66666666667
"ZIS_2522",621.8
"ZIS_2525",364.117647058824
"ZIS_2526",387.1875
"ZIS_2527",391.285714285714
"ZIS_2528",361.75
"ZIS_2529",357.5
"ZIS_253",1166
"ZIS_2530",357.5
"ZIS_2531",336
"ZIS_2532",367.666666666667
"ZIS_2533",387.666666666667
"ZIS_2534",419.461538461538
"ZIS_2535",363.666666666667
"ZIS_2539",NaN
"ZIS_254",854.666666666667
"ZIS_2540",363.470588235294
"ZIS_2541",386.0625
"ZIS_2542",387.466666666667
"ZIS_2543",363.352941176471
"ZIS_2544",450
"ZIS_2545",650.888888888889
"ZIS_2546",585.8
"ZIS_2547",488.5
"ZIS_2549",1095.25
"ZIS_2551",912.5
"ZIS_2552",487.666666666667
"ZIS_2553",487.666666666667
"ZIS_2554",487.666666666667
"ZIS_2555",487.666666666667
"ZIS_2557",NaN
"ZIS_2558",NaN
"ZIS_256",643
"ZIS_2562",547.5
"ZIS_2564",NaN
"ZIS_2565",420
"ZIS_2576",416.571428571429
"ZIS_2577",416.571428571429
"ZIS_2578",594.75
"ZIS_2579",420.846153846154
"ZIS_2580",NaN
"ZIS_2581",1494.5
"ZIS_2584",677.571428571429
"ZIS_2585",548.4
"ZIS_2586",859.333333333333
"ZIS_2587",769
"ZIS_2594",874.4
"ZIS_2595",1093
"ZIS_2596",874.6
"ZIS_2597",874.4
"ZIS_2598",2550
"ZIS_2599",2550
"ZIS_2600",611.166666666667
"ZIS_2602",957.333333333333
"ZIS_2603",1436.5
"ZIS_2604",1815
"ZIS_2605",2356
"ZIS_2606",NaN
"ZIS_2610",780.285714285714
"ZIS_2612",945.6
"ZIS_2613",1576
"ZIS_2614",1285
"ZIS_2615",1028
"ZIS_2616",609.166666666667
"ZIS_2617",1028
"ZIS_2618",NaN
"ZIS_2619",NaN
"ZIS_2622",3303
"ZIS_2624",NaN
"ZIS_2625",NaN
"ZIS_2626",442.357142857143
"ZIS_2627",442.357142857143
"ZIS_2628",412.8
"ZIS_2629",412.8
"ZIS_263",353
"ZIS_2630",484.75
"ZIS_2631",447.615384615385
"ZIS_2632",447.615384615385
"ZIS_2633",484.75
"ZIS_2634",1820
"ZIS_2635",904.5
"ZIS_2636",1085.4
"ZIS_2637",904.166666666667
"ZIS_2639",1454.5
"ZIS_2640",1445
"ZIS_2641",835.666666666667
"ZIS_2642",907.5
"ZIS_2644",604.333333333333
"ZIS_2645",550.5
"ZIS_2646",1345
"ZIS_2647",678.857142857143
"ZIS_2648",1006.2
"ZIS_2649",1205
"ZIS_265",716
"ZIS_2650",411.666666666667
"ZIS_2651",411.6
"ZIS_2652",412.066666666667
"ZIS_2653",411.666666666667
"ZIS_2655",NaN
"ZIS_2656",NaN
"ZIS_2658",476.846153846154
"ZIS_2659",529.363636363636
"ZIS_266",346
"ZIS_2660",529.363636363636
"ZIS_2661",476.846153846154
"ZIS_2662",1100.5
"ZIS_2663",2205
"ZIS_2664",2200
"ZIS_2665",2201
"ZIS_2666",548.5
"ZIS_2667",548.5
"ZIS_2668",1008.25
"ZIS_2669",1008.25
"ZIS_2670",549.75
"ZIS_2671",540.125
"ZIS_2672",550
"ZIS_2673",550
"ZIS_2674",639.625
"ZIS_2675",465.181818181818
"ZIS_2676",568.555555555556
"ZIS_2677",639.625
"ZIS_2678",1001
"ZIS_2679",727
"ZIS_268",NaN
"ZIS_2680",1675
"ZIS_2681",1451.5
"ZIS_2688",1118
"ZIS_2689",1118
"ZIS_269",NaN
"ZIS_2690",462.25
"ZIS_2691",462.25
"ZIS_2692",451.923076923077
"ZIS_2693",415.733333333333
"ZIS_2694",411.8
"ZIS_2695",441.214285714286
"ZIS_2696",385.9375
"ZIS_2697",386.0625
"ZIS_2702",622.2
"ZIS_2703",565.636363636364
"ZIS_2704",622.4
"ZIS_2705",730
"ZIS_2706",364.235294117647
"ZIS_2708",387.0625
"ZIS_2709",363.75
"ZIS_271",NaN
"ZIS_2712",652.333333333333
"ZIS_2713",587.1
"ZIS_2714",648.555555555556
"ZIS_2715",648.555555555556
"ZIS_2716",729.875
"ZIS_2717",562.818181818182
"ZIS_2718",409.375
"ZIS_2719",545.3
"ZIS_272",NaN
"ZIS_2720",647.666666666667
"ZIS_2721",672.571428571429
"ZIS_2722",2885
"ZIS_2723",1664
"ZIS_2724",2190.5
"ZIS_2725",NaN
"ZIS_2726",531
"ZIS_2727",486.75
"ZIS_2728",584.1
"ZIS_2729",531.181818181818
"ZIS_2730",2530
"ZIS_2731",2530
"ZIS_2732",2532
"ZIS_2733",1627.5
"ZIS_2738",2553.5
"ZIS_2739",1702.33333333333
"ZIS_274",NaN
"ZIS_2740",2554.5
"ZIS_2741",2091.33333333333
"ZIS_2742",729.125
"ZIS_2743",362.833333333333
"ZIS_2744",365
"ZIS_2746",387.5625
"ZIS_2747",387.6875
"ZIS_2748",387.5625
"ZIS_2749",387.5
"ZIS_275",1816
"ZIS_2750",636.25
"ZIS_2751",530.727272727273
"ZIS_2752",909.166666666667
"ZIS_2753",565.333333333333
"ZIS_2754",362
"ZIS_2755",362
"ZIS_2756",362
"ZIS_2757",362
"ZIS_2758",585.7
"ZIS_2759",585.7
"ZIS_276",NaN
"ZIS_2760",650.888888888889
"ZIS_2761",651
"ZIS_2762",1035.66666666667
"ZIS_2763",818.25
"ZIS_2764",1556.5
"ZIS_2765",1037.83333333333
"ZIS_277",933.5
"ZIS_2770",731
"ZIS_2771",584.6
"ZIS_2772",516.1
"ZIS_2773",1103.6
"ZIS_2774",450.461538461538
"ZIS_2775",450.461538461538
"ZIS_2776",457.083333333333
"ZIS_2777",450
"ZIS_2778",909
"ZIS_2779",909
"ZIS_278",1457.5
"ZIS_2780",909
"ZIS_2781",1213.33333333333
"ZIS_2783",622.777777777778
"ZIS_2784",676.833333333333
"ZIS_2785",640
"ZIS_2786",531.727272727273
"ZIS_2787",509
"ZIS_2788",803.6
"ZIS_2789",531.727272727273
"ZIS_279",683.875
"ZIS_2790",412.266666666667
"ZIS_2791",412.266666666667
"ZIS_2792",412.266666666667
"ZIS_2793",618.6
"ZIS_2798",517.583333333333
"ZIS_2799",564.909090909091
"ZIS_280",912.333333333333
"ZIS_2800",517.583333333333
"ZIS_2801",564.636363636364
"ZIS_2802",514.1
"ZIS_2803",565.555555555556
"ZIS_2805",448.666666666667
"ZIS_2806",1022.6
"ZIS_2808",1094.5
"ZIS_281",683.875
"ZIS_2815",NaN
"ZIS_2816",2911
"ZIS_2818",736.666666666667
"ZIS_2819",736.666666666667
"ZIS_282",911.5
"ZIS_2820",736.4
"ZIS_2821",596.375
"ZIS_2822",606.111111111111
"ZIS_2823",726
"ZIS_2824",852.833333333333
"ZIS_2825",533
"ZIS_2826",NaN
"ZIS_2827",1096.6
"ZIS_283",1121
"ZIS_2830",NaN
"ZIS_2831",2227
"ZIS_2836",2188
"ZIS_2838",NaN
"ZIS_2839",822.25
"ZIS_284",1121
"ZIS_2840",806.2
"ZIS_2841",NaN
"ZIS_2842",737.5
"ZIS_2844",1096
"ZIS_2845",942.6
"ZIS_2846",362
"ZIS_2847",3995
"ZIS_2848",909.25
"ZIS_2849",2024.5
"ZIS_2854",1217.75
"ZIS_2856",1710.66666666667
"ZIS_2857",732.857142857143
"ZIS_2859",NaN
"ZIS_2860",4038
"ZIS_2862",1130
"ZIS_2863",376.666666666667
"ZIS_2864",1218.66666666667
"ZIS_2865",1131
"ZIS_2868",515.5
"ZIS_2869",636.75
"ZIS_287",398.083333333333
"ZIS_2870",413.066666666667
"ZIS_2871",445.923076923077
"ZIS_2874",NaN
"ZIS_2877",1820
"ZIS_288",366.8125
"ZIS_2882",950
"ZIS_2883",NaN
"ZIS_2884",NaN
"ZIS_2885",950
"ZIS_289",366.466666666667
"ZIS_2894",388.8
"ZIS_2895",388.8
"ZIS_2896",412.666666666667
"ZIS_2897",412.666666666667
"ZIS_2899",NaN
"ZIS_290",415.066666666667
"ZIS_2900",NaN
"ZIS_2901",NaN
"ZIS_2904",NaN
"ZIS_2906",485.916666666667
"ZIS_2907",647.777777777778
"ZIS_2908",485.833333333333
"ZIS_2909",519.333333333333
"ZIS_291",910
"ZIS_2910",1190.75
"ZIS_2911",839
"ZIS_2912",1175.4
"ZIS_2913",1587
"ZIS_2914",NaN
"ZIS_2916",NaN
"ZIS_2917",1098.5
"ZIS_292",1365.25
"ZIS_2926",2746.5
"ZIS_2927",2745.5
"ZIS_2928",5493
"ZIS_2929",5493
"ZIS_293",1365
"ZIS_2935",364.352941176471
"ZIS_2936",364.352941176471
"ZIS_2937",363.647058823529
"ZIS_2938",855.333333333333
"ZIS_2939",909.25
"ZIS_294",1091.8
"ZIS_2940",1464.5
"ZIS_2941",1826
"ZIS_2942",1809
"ZIS_2943",2150
"ZIS_2944",537.5
"ZIS_2945",NaN
"ZIS_2949",724
"ZIS_295",475.9
"ZIS_2950",1096.5
"ZIS_2951",1097
"ZIS_2952",731
"ZIS_2953",731
"ZIS_2954",1816
"ZIS_2955",NaN
"ZIS_2956",1461
"ZIS_2957",NaN
"ZIS_296",475.9
"ZIS_2966",2740.5
"ZIS_2967",853.666666666667
"ZIS_2968",1558.25
"ZIS_2969",783.571428571429
"ZIS_297",527.888888888889
"ZIS_2970",2781
"ZIS_2971",1107
"ZIS_2972",382
"ZIS_2975",NaN
"ZIS_2976",NaN
"ZIS_2977",NaN
"ZIS_2978",400
"ZIS_298",527.888888888889
"ZIS_2981",NaN
"ZIS_2986",785.857142857143
"ZIS_2987",564.454545454545
"ZIS_2988",568.444444444444
"ZIS_2989",732.5
"ZIS_299",1097.5
"ZIS_2990",1087
"ZIS_2992",493
"ZIS_2993",NaN
"ZIS_2997",610.777777777778
"ZIS_2998",728.857142857143
"ZIS_2999",687.75
"ZIS_300",1097.5
"ZIS_3000",688
"ZIS_3001",908.5
"ZIS_3003",NaN
"ZIS_3006",733
"ZIS_3007",640.5
"ZIS_3008",732
"ZIS_301",1007
"ZIS_3014",NaN
"ZIS_3015",NaN
"ZIS_302",817
"ZIS_3021",690.111111111111
"ZIS_3022",773.142857142857
"ZIS_3023",635.5
"ZIS_3024",726.428571428571
"ZIS_3025",971
"ZIS_3026",2369.5
"ZIS_3027",1216.33333333333
"ZIS_3028",1699.33333333333
"ZIS_303",366
"ZIS_3033",572.857142857143
"ZIS_3036",572.857142857143
"ZIS_3037",874.8
"ZIS_3038",1187.5
"ZIS_3039",875.8
"ZIS_304",2177
"ZIS_3040",620
"ZIS_3041",784.5
"ZIS_3042",1112.2
"ZIS_3043",563.636363636364
"ZIS_3045",1155
"ZIS_3046",NaN
"ZIS_3048",517.083333333333
"ZIS_3049",418.75
"ZIS_3050",647.75
"ZIS_3051",534.090909090909
"ZIS_3052",1471.5
"ZIS_3053",1112
"ZIS_3054",2009
"ZIS_3055",981
"ZIS_3056",882.857142857143
"ZIS_3057",545
"ZIS_3058",681.25
"ZIS_3059",778.285714285714
"ZIS_306",NaN
"ZIS_3060",486.666666666667
"ZIS_3061",476.461538461538
"ZIS_3062",387.125
"ZIS_3063",486.166666666667
"ZIS_307",731.333333333333
"ZIS_3071",1821
"ZIS_3072",1822.66666666667
"ZIS_3074",516.75
"ZIS_3079",NaN
"ZIS_308",1001.75
"ZIS_3080",2383
"ZIS_3081",1460.25
"ZIS_3082",919.5
"ZIS_3083",2920.5
"ZIS_3084",1288
"ZIS_3085",730.8
"ZIS_3086",3295
"ZIS_3087",1219
"ZIS_3088",775.25
"ZIS_3089",775.375
"ZIS_309",830.714285714286
"ZIS_3090",563.818181818182
"ZIS_3091",1274.5
"ZIS_3092",1333.33333333333
"ZIS_3093",1022.4
"ZIS_3094",3590
"ZIS_3095",606.777777777778
"ZIS_3096",910.166666666667
"ZIS_3097",882.8
"ZIS_3098",973
"ZIS_3099",1577.33333333333
"ZIS_310",487.444444444444
"ZIS_3101",NaN
"ZIS_3102",2366.5
"ZIS_3103",729.25
"ZIS_3104",688.777777777778
"ZIS_3105",619
"ZIS_3106",687.777777777778
"ZIS_3107",NaN
"ZIS_3108",881.142857142857
"ZIS_3109",880.714285714286
"ZIS_3110",2055.33333333333
"ZIS_3112",NaN
"ZIS_3113",NaN
"ZIS_3115",1095
"ZIS_3116",NaN
"ZIS_3117",1821.5
"ZIS_3118",3647
"ZIS_3119",398.636363636364
"ZIS_312",2190.5
"ZIS_3120",398.636363636364
"ZIS_3121",393.928571428571
"ZIS_3122",428.416666666667
"ZIS_3128",449.153846153846
"ZIS_3129",495.909090909091
"ZIS_313",2191
"ZIS_3130",518.666666666667
"ZIS_3131",421.153846153846
"ZIS_3136",564.666666666667
"ZIS_3137",958.666666666667
"ZIS_3138",779.285714285714
"ZIS_3139",771
"ZIS_314",2190.5
"ZIS_3140",4029
"ZIS_3141",2196.5
"ZIS_3142",1464
"ZIS_3143",1097.75
"ZIS_3144",451.8
"ZIS_3145",530
"ZIS_3146",564.5
"ZIS_3147",502
"ZIS_315",1820
"ZIS_3152",810
"ZIS_3153",1495
"ZIS_3155",740.5
"ZIS_3156",364.470588235294
"ZIS_3157",364.470588235294
"ZIS_3158",364.470588235294
"ZIS_3159",364.470588235294
"ZIS_316",1584
"ZIS_3160",NaN
"ZIS_3161",5109
"ZIS_3162",5125
"ZIS_3168",886.571428571429
"ZIS_3169",886.142857142857
"ZIS_317",2914.5
"ZIS_3170",456.75
"ZIS_3171",1092
"ZIS_3173",NaN
"ZIS_3176",419.785714285714
"ZIS_3177",419.714285714286
"ZIS_3178",419.714285714286
"ZIS_3179",419.642857142857
"ZIS_318",1110
"ZIS_3192",688.222222222222
"ZIS_3193",562.454545454545
"ZIS_3194",515.583333333333
"ZIS_3195",515.75
"ZIS_3199",NaN
"ZIS_3200",574.333333333333
"ZIS_3202",547.6
"ZIS_3203",574.333333333333
"ZIS_3207",1092
"ZIS_3210",NaN
"ZIS_3211",NaN
"ZIS_3212",2086.33333333333
"ZIS_3213",1564.75
"ZIS_3214",1251.6
"ZIS_3215",2948.5
"ZIS_3216",365.764705882353
"ZIS_3219",365.470588235294
"ZIS_3221",NaN
"ZIS_3232",969.5
"ZIS_3233",581.7
"ZIS_3234",581.7
"ZIS_3235",846.333333333333
"ZIS_3236",1164
"ZIS_3237",2584
"ZIS_3238",NaN
"ZIS_3239",1162
"ZIS_3244",3658
"ZIS_3247",1447
"ZIS_3250",1189
"ZIS_3252",344.222222222222
"ZIS_3253",387.25
"ZIS_3254",476.615384615385
"ZIS_3255",442.642857142857
"ZIS_3256",364.705882352941
"ZIS_3257",364.705882352941
"ZIS_3258",364.705882352941
"ZIS_3259",364.705882352941
"ZIS_3260",NaN
"ZIS_3261",NaN
"ZIS_3262",2190
"ZIS_3263",NaN
"ZIS_3264",NaN
"ZIS_3265",NaN
"ZIS_3268",773.5
"ZIS_3270",845.833333333333
"ZIS_3271",725
"ZIS_3273",NaN
"ZIS_3276",734.6
"ZIS_3277",671.833333333333
"ZIS_3279",806.2
"ZIS_328",473.076923076923
"ZIS_3281",NaN
"ZIS_3282",4433
"ZIS_3286",519.8
"ZIS_3287",520.4
"ZIS_329",542.2
"ZIS_3291",NaN
"ZIS_3292",785
"ZIS_3293",686.625
"ZIS_3294",5127
"ZIS_3295",NaN
"ZIS_3296",1108.5
"ZIS_3297",NaN
"ZIS_3299",388.1875
"ZIS_330",542.4
"ZIS_3302",388.5625
"ZIS_3304",386.125
"ZIS_3305",388.4
"ZIS_3306",416.357142857143
"ZIS_3307",365.176470588235
"ZIS_3308",365.176470588235
"ZIS_3309",365.176470588235
"ZIS_331",559.272727272727
"ZIS_3310",365.176470588235
"ZIS_3311",NaN
"ZIS_3312",341
"ZIS_3317",1207
"ZIS_3319",2932
"ZIS_332",365.294117647059
"ZIS_3320",NaN
"ZIS_3321",918.25
"ZIS_3322",1107.2
"ZIS_3323",1484
"ZIS_3324",1715.33333333333
"ZIS_3325",NaN
"ZIS_3327",1707.66666666667
"ZIS_3328",NaN
"ZIS_3329",NaN
"ZIS_333",365.294117647059
"ZIS_3330",4430
"ZIS_3331",1446
"ZIS_3332",NaN
"ZIS_3335",NaN
"ZIS_3336",375
"ZIS_3338",NaN
"ZIS_3343",1582
"ZIS_3344",2373
"ZIS_3345",4746
"ZIS_3346",2373
"ZIS_3347",736.75
"ZIS_3348",736.125
"ZIS_3349",588.9
"ZIS_3350",644.5
"ZIS_3351",1814
"ZIS_3352",1209.66666666667
"ZIS_3353",768
"ZIS_3354",NaN
"ZIS_336",423.461538461538
"ZIS_3363",2552.5
"ZIS_3364",1277
"ZIS_3365",1222.33333333333
"ZIS_3366",1094.5
"ZIS_3367",793.5
"ZIS_3368",442.928571428571
"ZIS_3369",477
"ZIS_337",423.384615384615
"ZIS_3370",477.153846153846
"ZIS_3371",443.285714285714
"ZIS_3372",469.571428571429
"ZIS_3373",732.4
"ZIS_3374",369.333333333333
"ZIS_3375",913.75
"ZIS_3377",NaN
"ZIS_338",458.583333333333
"ZIS_3380",441.642857142857
"ZIS_3381",386.4375
"ZIS_3382",363.823529411765
"ZIS_3383",737.333333333333
"ZIS_339",393.285714285714
"ZIS_3390",469
"ZIS_3391",NaN
"ZIS_3392",552
"ZIS_3393",1093.33333333333
"ZIS_3394",NaN
"ZIS_3395",548.375
"ZIS_3396",731
"ZIS_3397",877.2
"ZIS_3398",2188.5
"ZIS_3399",1645
"ZIS_340",517.7
"ZIS_3406",364
"ZIS_3407",364.6875
"ZIS_3409",363.823529411765
"ZIS_341",500.818181818182
"ZIS_3410",545.4
"ZIS_3411",528.454545454545
"ZIS_3412",528.454545454545
"ZIS_3413",546.5
"ZIS_3414",364.294117647059
"ZIS_3415",412.8
"ZIS_3416",387.125
"ZIS_3417",364.294117647059
"ZIS_3418",676.142857142857
"ZIS_3419",676.285714285714
"ZIS_342",423.692307692308
"ZIS_3420",583.2
"ZIS_3421",729.25
"ZIS_3422",743
"ZIS_3423",1104
"ZIS_3424",1582.33333333333
"ZIS_3425",2187
"ZIS_3428",NaN
"ZIS_3429",NaN
"ZIS_343",513.5
"ZIS_3430",516.75
"ZIS_3431",517.75
"ZIS_3432",516.583333333333
"ZIS_3433",516.833333333333
"ZIS_3434",1063
"ZIS_3436",606
"ZIS_3437",913.5
"ZIS_3441",365.235294117647
"ZIS_3442",365.235294117647
"ZIS_3443",365.058823529412
"ZIS_3444",365.235294117647
"ZIS_3445",563.888888888889
"ZIS_3448",461.363636363636
"ZIS_345",1456
"ZIS_3452",361.5
"ZIS_3453",2922
"ZIS_3454",2186
"ZIS_3455",723
"ZIS_3456",1711.66666666667
"ZIS_3459",1555.5
"ZIS_346",2906
"ZIS_3461",364.941176470588
"ZIS_3464",387.5625
"ZIS_3465",364.764705882353
"ZIS_3466",364.705882352941
"ZIS_3467",388.375
"ZIS_3468",884.285714285714
"ZIS_3469",1030.66666666667
"ZIS_347",4063
"ZIS_3471",549.5
"ZIS_3476",680.428571428571
"ZIS_3477",473.8
"ZIS_3478",473.8
"ZIS_3479",605.833333333333
"ZIS_348",533.636363636364
"ZIS_3480",688.222222222222
"ZIS_3481",1032.16666666667
"ZIS_3482",884.285714285714
"ZIS_3483",773.875
"ZIS_3484",363.705882352941
"ZIS_3485",363.705882352941
"ZIS_3486",363.705882352941
"ZIS_3487",386.4375
"ZIS_3488",569.666666666667
"ZIS_3489",512.7
"ZIS_349",452.307692307692
"ZIS_3490",466.181818181818
"ZIS_3491",466.272727272727
"ZIS_3492",NaN
"ZIS_3493",NaN
"ZIS_3495",NaN
"ZIS_350",452.307692307692
"ZIS_3500",NaN
"ZIS_3504",NaN
"ZIS_3505",NaN
"ZIS_3507",NaN
"ZIS_3508",365.176470588235
"ZIS_3509",388
"ZIS_351",420.071428571429
"ZIS_3510",365.176470588235
"ZIS_3511",365.176470588235
"ZIS_3516",719.5
"ZIS_3517",629.285714285714
"ZIS_3518",1094
"ZIS_3519",1107.33333333333
"ZIS_352",889.142857142857
"ZIS_3520",NaN
"ZIS_3521",NaN
"ZIS_3522",NaN
"ZIS_3528",832.714285714286
"ZIS_3529",502.2
"ZIS_353",547.8
"ZIS_3530",787.833333333333
"ZIS_3531",728.875
"ZIS_3532",364.764705882353
"ZIS_3533",364.764705882353
"ZIS_3534",364.764705882353
"ZIS_3535",364.764705882353
"ZIS_3537",386.3125
"ZIS_3538",363.705882352941
"ZIS_354",488.25
"ZIS_3540",463.75
"ZIS_3541",475.333333333333
"ZIS_3542",1093
"ZIS_3544",1705
"ZIS_3545",1191.25
"ZIS_3546",2563
"ZIS_3548",NaN
"ZIS_3549",NaN
"ZIS_355",1037
"ZIS_3552",832.857142857143
"ZIS_3553",833.142857142857
"ZIS_3554",1280
"ZIS_3555",731.285714285714
"ZIS_3556",388.5625
"ZIS_3557",364
"ZIS_3558",387
"ZIS_3559",364.235294117647
"ZIS_356",366.235294117647
"ZIS_3560",767
"ZIS_3563",NaN
"ZIS_3564",NaN
"ZIS_3566",NaN
"ZIS_3567",NaN
"ZIS_3568",676.571428571429
"ZIS_3569",676.571428571429
"ZIS_357",366.294117647059
"ZIS_3570",625.1
"ZIS_3571",625.1
"ZIS_3576",3687
"ZIS_3577",3687
"ZIS_3578",1028.2
"ZIS_3579",1028.2
"ZIS_358",365.764705882353
"ZIS_3580",1154
"ZIS_3581",973.2
"ZIS_3582",973
"ZIS_3583",1154
"ZIS_359",366.235294117647
"ZIS_3592",414.133333333333
"ZIS_3593",517.833333333333
"ZIS_3594",469.090909090909
"ZIS_3595",419.857142857143
"ZIS_3596",1791.5
"ZIS_3597",2547
"ZIS_3598",2111
"ZIS_3599",1055.5
"ZIS_360",905.75
"ZIS_3601",NaN
"ZIS_3602",2173.5
"ZIS_3603",1085.25
"ZIS_3604",1107
"ZIS_3605",1659
"ZIS_3606",1107
"ZIS_3607",1107
"ZIS_361",1271.25
"ZIS_3612",447.923076923077
"ZIS_3613",446.142857142857
"ZIS_3614",388.2
"ZIS_3615",411.2
"ZIS_3616",NaN
"ZIS_3617",NaN
"ZIS_3618",341
"ZIS_362",847.5
"ZIS_3620",1976.66666666667
"ZIS_3621",740.875
"ZIS_3623",846.714285714286
"ZIS_3624",NaN
"ZIS_3625",1439.5
"ZIS_3626",1439.5
"ZIS_3627",NaN
"ZIS_3629",NaN
"ZIS_363",603.833333333333
"ZIS_3633",736
"ZIS_3635",1111
"ZIS_3636",788.5
"ZIS_3637",929
"ZIS_3638",660.333333333333
"ZIS_3639",593.4
"ZIS_364",4772
"ZIS_3640",600
"ZIS_3642",727.8
"ZIS_3644",NaN
"ZIS_3645",3301
"ZIS_3646",1320.33333333333
"ZIS_3647",2909
"ZIS_3649",779.625
"ZIS_365",4772
"ZIS_3650",1040.16666666667
"ZIS_3652",917.5
"ZIS_3653",1111
"ZIS_3654",1112
"ZIS_3655",846.333333333333
"ZIS_3656",NaN
"ZIS_3657",NaN
"ZIS_3658",NaN
"ZIS_3659",1701.33333333333
"ZIS_366",2385
"ZIS_3668",590.875
"ZIS_3669",2159
"ZIS_367",NaN
"ZIS_3670",856.833333333333
"ZIS_3671",456.25
"ZIS_3674",NaN
"ZIS_3678",1651.5
"ZIS_368",1329.66666666667
"ZIS_3681",396
"ZIS_3682",NaN
"ZIS_3685",483.923076923077
"ZIS_3693",NaN
"ZIS_3694",375
"ZIS_3699",364.352941176471
"ZIS_3700",364.352941176471
"ZIS_3705",363.75
"ZIS_3706",486
"ZIS_3707",486
"ZIS_3708",290.75
"ZIS_3709",1274.25
"ZIS_371",1185.5
"ZIS_3710",732.25
"ZIS_3711",670.333333333333
"ZIS_3712",1818
"ZIS_3713",NaN
"ZIS_3717",447.846153846154
"ZIS_3718",447.846153846154
"ZIS_3719",442.857142857143
"ZIS_372",1702.66666666667
"ZIS_3720",442.857142857143
"ZIS_3721",417.285714285714
"ZIS_3722",447.846153846154
"ZIS_3723",593
"ZIS_3724",531.454545454545
"ZIS_3725",NaN
"ZIS_3726",NaN
"ZIS_3729",885.4
"ZIS_373",1462.66666666667
"ZIS_3730",1850.5
"ZIS_3731",884
"ZIS_3732",514.8
"ZIS_3733",442
"ZIS_3734",413
"ZIS_3735",364.470588235294
"ZIS_3736",364.117647058824
"ZIS_3737",449.230769230769
"ZIS_3738",450.692307692308
"ZIS_3739",487.916666666667
"ZIS_374",919.166666666667
"ZIS_3740",388.375
"ZIS_3741",1220.33333333333
"ZIS_3742",855.166666666667
"ZIS_3743",641.375
"ZIS_3744",1220.33333333333
"ZIS_3745",1369.75
"ZIS_3746",1369.75
"ZIS_3747",1369.5
"ZIS_3748",1369.5
"ZIS_3749",364.294117647059
"ZIS_3750",364.3125
"ZIS_3751",364.3125
"ZIS_3752",364.294117647059
"ZIS_3753",364.352941176471
"ZIS_3754",413.066666666667
"ZIS_3755",364.411764705882
"ZIS_3756",364.294117647059
"ZIS_3757",365.8125
"ZIS_3759",390.266666666667
"ZIS_3760",390.2
"ZIS_3761",417.071428571429
"ZIS_3762",389.266666666667
"ZIS_3763",389.266666666667
"ZIS_3764",417.071428571429
"ZIS_3765",1089.66666666667
"ZIS_3766",1484
"ZIS_3767",NaN
"ZIS_3768",1485
"ZIS_3769",498.363636363636
"ZIS_3770",533.818181818182
"ZIS_3771",587.4
"ZIS_3772",438.4
"ZIS_3773",386.875
"ZIS_3774",413.666666666667
"ZIS_3775",364.117647058824
"ZIS_3776",412.8
"ZIS_3777",1084.66666666667
"ZIS_3778",911.833333333333
"ZIS_3779",840
"ZIS_378",690.625
"ZIS_3780",1085
"ZIS_3782",1135
"ZIS_3783",NaN
"ZIS_3785",978
"ZIS_3786",977.5
"ZIS_3787",1036.83333333333
"ZIS_3788",977.333333333333
"ZIS_3789",2889
"ZIS_379",488.583333333333
"ZIS_3790",NaN
"ZIS_3791",2878
"ZIS_3793",855.666666666667
"ZIS_3794",911.75
"ZIS_380",432.363636363636
"ZIS_3800",1624.33333333333
"ZIS_3804",NaN
"ZIS_3805",1184.5
"ZIS_3806",NaN
"ZIS_3807",2550.5
"ZIS_3808",836.714285714286
"ZIS_3809",837.142857142857
"ZIS_381",451.153846153846
"ZIS_3810",870.8
"ZIS_3811",732.5
"ZIS_3814",1104
"ZIS_3815",NaN
"ZIS_3816",572.857142857143
"ZIS_3817",550.875
"ZIS_3818",912.333333333333
"ZIS_3819",634.75
"ZIS_382",533
"ZIS_3820",371
"ZIS_3821",1942.66666666667
"ZIS_3822",1456.75
"ZIS_3823",1464.33333333333
"ZIS_3824",584.6
"ZIS_3825",487.25
"ZIS_3826",683.875
"ZIS_3827",649.555555555556
"ZIS_3828",1700.66666666667
"ZIS_3829",1700
"ZIS_383",370
"ZIS_3830",2551
"ZIS_3831",1700.66666666667
"ZIS_3832",2183
"ZIS_3833",NaN
"ZIS_3834",549.5
"ZIS_3835",1467.75
"ZIS_3836",1823.66666666667
"ZIS_3838",5877
"ZIS_384",370
"ZIS_3840",2001.5
"ZIS_3842",365.75
"ZIS_3843",1057
"ZIS_3844",1818
"ZIS_3845",3093.5
"ZIS_3846",1238.2
"ZIS_3847",1548
"ZIS_3848",483.111111111111
"ZIS_3849",434.8
"ZIS_385",1092
"ZIS_3851",543.5
"ZIS_3852",686.5
"ZIS_3853",585.5
"ZIS_3854",585.3
"ZIS_3855",532.272727272727
"ZIS_3856",595.5
"ZIS_386",3985
"ZIS_3862",NaN
"ZIS_3864",522.857142857143
"ZIS_3865",496.363636363636
"ZIS_3866",478.8
"ZIS_3867",532.222222222222
"ZIS_3868",546.333333333333
"ZIS_3869",486.083333333333
"ZIS_387",413.933333333333
"ZIS_3870",448.692307692308
"ZIS_3871",405.777777777778
"ZIS_3872",1340.33333333333
"ZIS_3873",1469
"ZIS_3874",NaN
"ZIS_3875",856.666666666667
"ZIS_3876",1167.6
"ZIS_3877",918
"ZIS_3879",1375.25
"ZIS_388",449.076923076923
"ZIS_3880",364.176470588235
"ZIS_3881",386.375
"ZIS_3882",386.5625
"ZIS_3883",364.352941176471
"ZIS_3884",802.4
"ZIS_3885",531.636363636364
"ZIS_3886",584.9
"ZIS_3887",792
"ZIS_389",477.615384615385
"ZIS_3891",971.833333333333
"ZIS_3892",1004.5
"ZIS_3893",NaN
"ZIS_3894",550
"ZIS_3895",509.4
"ZIS_3896",3634
"ZIS_3897",NaN
"ZIS_3898",NaN
"ZIS_390",414.333333333333
"ZIS_391",NaN
"ZIS_3912",415.428571428571
"ZIS_3913",447.384615384615
"ZIS_3916",387.6875
"ZIS_3917",413.533333333333
"ZIS_3918",413.6
"ZIS_392",4385
"ZIS_3920",1001.25
"ZIS_3921",729.333333333333
"ZIS_3922",728.2
"ZIS_3923",1287.75
"ZIS_3924",794
"ZIS_3925",920.5
"ZIS_3926",572.5
"ZIS_3927",572.5
"ZIS_393",2553
"ZIS_394",2552
"ZIS_399",879.4
"ZIS_400",662.4
"ZIS_403",687.25
"ZIS_404",918.5
"ZIS_405",884.6
"ZIS_406",732.375
"ZIS_410",364
"ZIS_412",NaN
"ZIS_414",1164.8
"ZIS_416",1948
"ZIS_418",2380.5
"ZIS_419",2380.5
"ZIS_420",478.8
"ZIS_421",569.111111111111
"ZIS_422",455.083333333333
"ZIS_423",455.083333333333
"ZIS_424",365.058823529412
"ZIS_425",387.8125
"ZIS_426",387.75
"ZIS_427",387.9375
"ZIS_432",388.666666666667
"ZIS_433",416.428571428571
"ZIS_434",388.666666666667
"ZIS_436",1213.66666666667
"ZIS_437",624.285714285714
"ZIS_438",624.285714285714
"ZIS_439",875.6
"ZIS_440",511.7
"ZIS_441",486.888888888889
"ZIS_442",480.9
"ZIS_443",480.9
"ZIS_448",1084.6
"ZIS_449",1632
"ZIS_450",1436
"ZIS_451",1084.6
"ZIS_452",846.333333333333
"ZIS_453",846.333333333333
"ZIS_454",1372
"ZIS_455",1828
"ZIS_456",960
"ZIS_457",699
"ZIS_460",464
"ZIS_462",357
"ZIS_463",548.625
"ZIS_464",NaN
"ZIS_465",4397
"ZIS_468",NaN
"ZIS_469",603.666666666667
"ZIS_470",603.666666666667
"ZIS_471",1073
"ZIS_476",961.666666666667
"ZIS_477",774.285714285714
"ZIS_478",1021.8
"ZIS_479",873.6
"ZIS_481",426.25
"ZIS_482",614.888888888889
"ZIS_483",1028.2
"ZIS_488",386.875
"ZIS_489",345.611111111111
"ZIS_490",345.611111111111
"ZIS_491",364.117647058824
"ZIS_492",474
"ZIS_494",1465
"ZIS_495",395.083333333333
"ZIS_500",3640
"ZIS_503",NaN
"ZIS_508",530.636363636364
"ZIS_509",448.307692307692
"ZIS_510",783.285714285714
"ZIS_511",530.727272727273
"ZIS_512",732.875
"ZIS_513",837.428571428571
"ZIS_514",1172.8
"ZIS_515",1186.25
"ZIS_516",415.933333333333
"ZIS_517",440.928571428571
"ZIS_518",440.928571428571
"ZIS_519",440.857142857143
"ZIS_520",912.5
"ZIS_521",1096.6
"ZIS_522",783.142857142857
"ZIS_523",783.142857142857
"ZIS_524",NaN
"ZIS_525",NaN
"ZIS_526",NaN
"ZIS_527",1430
"ZIS_528",NaN
"ZIS_529",1823
"ZIS_530",644
"ZIS_531",NaN
"ZIS_532",477.846153846154
"ZIS_533",477.461538461538
"ZIS_534",519.666666666667
"ZIS_535",518
"ZIS_536",735.875
"ZIS_538",718.5
"ZIS_540",686
"ZIS_541",1240.4
"ZIS_542",1551
"ZIS_543",833.285714285714
"ZIS_548",806.8
"ZIS_549",671.666666666667
"ZIS_550",637.5
"ZIS_551",671.833333333333
"ZIS_552",1091
"ZIS_553",2183
"ZIS_555",2586
"ZIS_556",503.5
"ZIS_557",409.375
"ZIS_558",416.714285714286
"ZIS_559",409.25
"ZIS_560",5091
"ZIS_561",1462.25
"ZIS_565",729
"ZIS_566",736
"ZIS_567",1188.25
"ZIS_568",1270.75
"ZIS_569",2379
"ZIS_570",1585.66666666667
"ZIS_571",477.307692307692
"ZIS_572",450.846153846154
"ZIS_573",488.583333333333
"ZIS_574",590.2
"ZIS_575",1187.75
"ZIS_576",1847
"ZIS_577",1583.66666666667
"ZIS_578",1583.66666666667
"ZIS_579",675.5
"ZIS_580",639.875
"ZIS_581",652
"ZIS_582",686.285714285714
"ZIS_587",673
"ZIS_591",361
"ZIS_592",361
"ZIS_593",1092.6
"ZIS_594",1022.8
"ZIS_596",606.5
"ZIS_597",454.875
"ZIS_598",398.7
"ZIS_599",419.615384615385
"ZIS_600",495.636363636364
"ZIS_601",545.6
"ZIS_602",496
"ZIS_603",1288.5
"ZIS_606",1283.5
"ZIS_607",1690.33333333333
"ZIS_608",2342
"ZIS_609",1562
"ZIS_610",1267.75
"ZIS_611",773.375
"ZIS_612",687.444444444444
"ZIS_613",883.714285714286
"ZIS_614",883.857142857143
"ZIS_617",1095
"ZIS_618",732
"ZIS_623",NaN
"ZIS_626",NaN
"ZIS_632",370
"ZIS_633",NaN
"ZIS_635",419.538461538462
"ZIS_636",419.538461538462
"ZIS_637",454.583333333333
"ZIS_638",419.538461538462
"ZIS_640",NaN
"ZIS_643",1463.5
"ZIS_644",1103
"ZIS_645",737
"ZIS_646",2924.5
"ZIS_651",637.625
"ZIS_652",1103.5
"ZIS_653",583.4
"ZIS_654",590.25
"ZIS_655",547.2
"ZIS_656",688
"ZIS_657",688
"ZIS_658",619.3
"ZIS_659",3273
"ZIS_660",2555
"ZIS_661",1627.5
"ZIS_662",NaN
"ZIS_663",1469.66666666667
"ZIS_664",735.375
"ZIS_665",735.375
"ZIS_666",NaN
"ZIS_667",NaN
"ZIS_668",2581
"ZIS_669",1290.5
"ZIS_670",2390
"ZIS_671",486.083333333333
"ZIS_672",448.692307692308
"ZIS_673",647.777777777778
"ZIS_674",414.4
"ZIS_675",365.176470588235
"ZIS_676",365.176470588235
"ZIS_677",365.058823529412
"ZIS_678",365.058823529412
"ZIS_679",421.214285714286
"ZIS_680",453.384615384615
"ZIS_682",421.142857142857
"ZIS_683",636.625
"ZIS_684",529.636363636364
"ZIS_685",536.818181818182
"ZIS_686",463
"ZIS_687",419.769230769231
"ZIS_688",412.333333333333
"ZIS_689",441.785714285714
"ZIS_690",448
"ZIS_691",529.909090909091
"ZIS_692",609.777777777778
"ZIS_693",566.555555555556
"ZIS_694",510
"ZIS_695",1097.25
"ZIS_696",1031
"ZIS_697",1030.8
"ZIS_698",626.714285714286
"ZIS_699",1101
"ZIS_700",1347
"ZIS_701",NaN
"ZIS_702",2915
"ZIS_703",NaN
"ZIS_704",4818
"ZIS_705",1606
"ZIS_706",4075
"ZIS_711",725
"ZIS_712",801.4
"ZIS_713",801.4
"ZIS_714",725
"ZIS_715",363.733333333333
"ZIS_716",448
"ZIS_717",873.4
"ZIS_718",499.636363636364
"ZIS_719",368
"ZIS_720",978.333333333333
"ZIS_721",NaN
"ZIS_722",374
"ZIS_723",390.928571428571
"ZIS_724",440.928571428571
"ZIS_726",364.625
"ZIS_739",608.222222222222
"ZIS_740",782.142857142857
"ZIS_741",1102.4
"ZIS_742",787
"ZIS_743",478.538461538462
"ZIS_744",565.545454545455
"ZIS_745",611.444444444444
"ZIS_746",518.25
"ZIS_747",839.714285714286
"ZIS_748",979.166666666667
"ZIS_749",1016
"ZIS_750",1295
"ZIS_751",364.176470588235
"ZIS_752",364.117647058824
"ZIS_753",364.176470588235
"ZIS_754",364.176470588235
"ZIS_755",NaN
"ZIS_756",NaN
"ZIS_757",NaN
"ZIS_758",1841
"ZIS_759",974.333333333333
"ZIS_760",1107.5
"ZIS_761",1100.5
"ZIS_762",487
"ZIS_763",854.666666666667
"ZIS_764",488.666666666667
"ZIS_765",612.333333333333
"ZIS_766",513.2
"ZIS_767",364.470588235294
"ZIS_768",364.529411764706
"ZIS_769",365.058823529412
"ZIS_770",364.470588235294
"ZIS_771",365.058823529412
"ZIS_772",365.647058823529
"ZIS_773",365.058823529412
"ZIS_774",365.058823529412
"ZIS_775",386.75
"ZIS_776",386.75
"ZIS_777",364
"ZIS_778",364
"ZIS_779",443.928571428571
"ZIS_780",414.4
"ZIS_781",444.5
"ZIS_782",443.928571428571
"ZIS_787",2189
"ZIS_788",1003
"ZIS_790",NaN
"ZIS_791",1835
"ZIS_792",NaN
"ZIS_793",1835.5
"ZIS_794",1834
"ZIS_799",1578
"ZIS_802",1099.5
"ZIS_803",731.875
"ZIS_805",650.777777777778
"ZIS_807",723
"ZIS_808",721
"ZIS_809",NaN
"ZIS_810",718
"ZIS_813",4363
"ZIS_814",NaN
"ZIS_815",NaN
"ZIS_816",NaN
"ZIS_819",569.111111111111
"ZIS_820",733.5
"ZIS_821",880.6
"ZIS_822",512.2
"ZIS_823",842
"ZIS_824",696
"ZIS_825",927.75
"ZIS_826",2245
"ZIS_827",1575
"ZIS_828",2565
"ZIS_830",4725
"ZIS_831",676.428571428571
"ZIS_832",974.5
"ZIS_833",974.5
"ZIS_834",691
"ZIS_837",1040
"ZIS_838",1110.33333333333
"ZIS_843",2178
"ZIS_848",547
"ZIS_849",915.25
"ZIS_850",1018
"ZIS_853",NaN
"ZIS_859",723
"ZIS_862",723
"ZIS_863",364.882352941176
"ZIS_864",365.058823529412
"ZIS_865",364.882352941176
"ZIS_866",364.705882352941
"ZIS_867",1165.8
"ZIS_868",1085.8
"ZIS_869",539.333333333333
"ZIS_870",603.444444444444
"ZIS_871",NaN
"ZIS_872",NaN
"ZIS_873",NaN
"ZIS_875",774.125
"ZIS_876",564.818181818182
"ZIS_877",486.416666666667
"ZIS_878",2064.33333333333
"ZIS_879",890
"ZIS_880",623
"ZIS_881",601.5
"ZIS_882",949.8
"ZIS_887",911.666666666667
"ZIS_888",724.375
"ZIS_889",1583
"ZIS_890",1830
"ZIS_891",2156
"ZIS_892",908
"ZIS_893",1654.5
"ZIS_899",774.714285714286
"ZIS_900",615.8
"ZIS_901",770.125
"ZIS_902",909.333333333333
"ZIS_903",NaN
"ZIS_904",1206.66666666667
"ZIS_905",725
"ZIS_906",725
"ZIS_907",2201.5
"ZIS_908",864.833333333333
"ZIS_909",576.555555555556
"ZIS_910",375.25
"ZIS_913",NaN
"ZIS_914",NaN
"ZIS_915",3234
"ZIS_916",1706
"ZIS_917",1113
"ZIS_918",3961
"ZIS_923",608
"ZIS_924",684
"ZIS_925",781.714285714286
"ZIS_926",547.3
"ZIS_927",1174.8
"ZIS_928",1468.25
"ZIS_929",1175.2
"ZIS_930",838.857142857143
"ZIS_931",892.714285714286
"ZIS_932",689.875
"ZIS_933",788.142857142857
"ZIS_934",1562.25
"ZIS_935",487.777777777778
"ZIS_936",548.625
"ZIS_938",511.8
"ZIS_941",1822
"ZIS_943",1568
"ZIS_944",550
"ZIS_945",608
"ZIS_946",672
"ZIS_947",NaN
"ZIS_949",NaN
"ZIS_950",NaN
"ZIS_954",NaN
"ZIS_955",418.785714285714
"ZIS_956",564.545454545455
"ZIS_957",586.3
"ZIS_958",414.133333333333
"ZIS_959",826.285714285714
"ZIS_960",849.666666666667
"ZIS_961",912.333333333333
"ZIS_962",816
"ZIS_963",857.333333333333
"ZIS_964",1096
"ZIS_965",NaN
"ZIS_966",2567
"ZIS_967",592.125
"ZIS_968",666.833333333333
"ZIS_969",624.428571428571
"ZIS_970",591.75
"ZIS_971",5055
"ZIS_972",1069
"ZIS_973",NaN
"ZIS_974",NaN
"ZIS_975",541.5
"ZIS_976",540
"ZIS_977",357
"ZIS_978",NaN
"ZIS_979",1243.6
"ZIS_980",417.857142857143
"ZIS_981",436.6
"ZIS_982",1175.8
"ZIS_983",1166.6
"ZIS_984",833.285714285714
"ZIS_985",972.166666666667
"ZIS_986",772.375
"ZIS_987",824.75
"ZIS_989",1027
"ZIS_990",1459.5
"ZIS_991",477.769230769231
"ZIS_992",531.454545454545
"ZIS_993",417.5
"ZIS_994",477.846153846154
"ZIS_995",600.875
"ZIS_996",570.777777777778
"ZIS_997",551.4
"ZIS_998",626.571428571429
"ZIS_999",414.666666666667
"ZKS-001",638.25
"ZKS-005",610
"ZKS-006",921.5
"ZKS-007",638.25
"ZKS-011",610
"ZKS-012",921.5
"ZKS-013",781.428571428571
"ZKS-017",610
"ZKS-018",921.5
"ZKS-019",638.25
"ZKS-023",610
"ZKS-024",921.5
"ZKS-025",638.25
"ZKS-029",610
"ZKS-030",921.5
"ZKS-031",638.25
"ZKS-033",NaN
"ZLT-009",926
"ZLT-010",1590.33333333333
"ZLT-011",2935
"ZLT-012",927.5
"ZLT-013",2386
"ZLT-014",2386
"ZLT-015",2386
"ZLT-016",4358
"ZLT-036",NaN
"ZLT-039",NaN
"ZLT-044",1344.33333333333
"ZLT-045",724.25
"ZLT-046",NaN
"ZLT-047",1344.66666666667
"ZLT-048",687.625
"ZLT-049",1642.5
"ZLT-050",1105
"ZLT-051",2201.5
"ZLT-056",NaN
"ZLT-057",796
"ZLT-060",NaN
"ZLT-061",1488
"ZLT-063",NaN
"ZLT-066",NaN
"ZLT-067",2183
"ZLT-082",NaN
"ZLT-084",395
"ZLT-085",1831.33333333333
"ZLT-091",NaN
"ZLT-092",920.5
"ZLT-093",NaN
"ZLT-094",4019
"ZLT-097",NaN
"ZLT-098",1091
"ZLT-111",792.666666666667
"ZLT-112",594.5
"ZLT-113",475.4
"ZLT-114",528.222222222222
"ZLT-115",1077
"ZLT-116",NaN
"ZLT-119",NaN
"ZLT-120",NaN
"ZLT-122",NaN
"ZLT-126",NaN
"ZLT-127",NaN
"ZLT-128",1822.33333333333
"ZLT-129",2000.5
"ZLT-130",1224.66666666667
"ZLT-131",1104.5
"ZLT-132",736.666666666667
"ZLT-133",551.5
"ZLT-134",1104.5
"ZLT-143",614.5
"ZLT-144",889.857142857143
"ZLT-145",527.571428571429
"ZLT-146",527
"ZLT-148",NaN
"ZLT-149",NaN
"ZLT-150",NaN
"ZLT-154",NaN
"ZLT-155",916.25
"ZLT-157",380
"ZLT-158",NaN
"ZLT-168",789.333333333333
"ZLT-169",1067
"ZLT-171",NaN
"ZLT-173",NaN
"ZLT-174",NaN
"ZLT-175",NaN
"ZLT-176",NaN
"ZLT-177",NaN
"ZLT-178",NaN
"ZNF-009",1829.33333333333
"ZNF-010",1458
"ZNF-011",1458
"ZNF-012",1829.33333333333
"ZNF-013",NaN
"ZNF-014",NaN
"ZNF-015",NaN
"ZNF-016",NaN
"ZNF-025",1073
"ZNF-026",1071
"ZNF-027",1072
"ZNF-028",NaN
"ZNF-039",540
"ZNF-041",NaN
"ZNF-042",NaN
"ZNF-044",NaN
"ZNF-053",NaN
"ZNF-054",703
"ZNF-062",624.428571428571
"ZNF-063",624.142857142857
"ZNF-064",548.666666666667
"ZNF-065",657.8
"ZNF-072",NaN
"ZNF-073",2546
"ZNF-074",1276.5
"ZNF-075",2553
"ZNF-076",2556
"ZNF-077",1703.33333333333
"ZNF-084",948.6
"ZNF-085",917.25
"ZNF-086",917.25
"ZNF-088",1487
"ZNF-089",1487
"ZNF-090",NaN
"ZNF-091",2555
"ZNF-096",370
"ZNF-097",640
"ZNF-098",792.833333333333
"ZNF-099",727
"ZNF-100",370
"ZNF-109",416.444444444444
"ZNF-110",468.625
"ZNF-111",534.727272727273
"ZNF-117",886.2
"ZNF-118",857.666666666667
"ZNF-120",885.2
"ZNF-124",2623
"ZNF-125",NaN
"ZNF-126",NaN
"ZNF-127",NaN
"ZNF-132",637.5
"ZNF-133",637.5
"ZNF-134",484.333333333333
"ZNF-135",NaN
"ZPF-001",1467.25
"ZPF-002",1098.2
"ZPF-003",938
"ZPF-008",NaN
"ZPF-010",1018.8
"ZPF-011",1018.8
"ZPF-012",1018.8
"ZPF-013",1018.8
"ZPF-014",1018.8
"ZPF-015",1018.8
